url,label
https://allegrolokalnie.pl-oferta63929.shop/playstation-5/73294,1
https://allegro.pl-ogloszenie-prywatne763839477394.click,1
https://allegrolokalne.pl-ogloszenie-prywatne763839477394.click,1
https://allegro-lokalnie.pl-ogloszenie-prywatne763839477394.click,1
https://allegrolokainie.pl-ogloszenie-prywatne763839477394.click,1
https://allegrolokalnie.pl-knrqi.sbs,1
https://allegrolokalnie.pl-ogloszenie-prywatne763839477394.click,1
https://w2.ltau-30hrs.click,1
https://matriz-treinamentos-shopee.vercel.app/,1
https://encuesta-ecu.biz/7C8Vi2njzM,1
https://s-g-informations-caisse.bolt.host/,1
https://s-g-informations-caisse.bolt.host/index.html,1
https://ggfg-ikmy.onrender.com,1
https://arremata-plus.vercel.app/,1
https://prime.csa-acc.com/pages/mxl,1
https://ww.hub4571132.pro,1
https://kadery.hub4571132.pro,1
https://bitos.hub4571132.pro,1
https://talus.hub4571132.pro,1
https://dupuy.hub4571132.pro/,1
http://rescftdietction.redirectme.net/,1
https://maadame---tusssauds-duubai.webflow.io/,1
http://maadame---tusssauds-duubai.webflow.io,1
https://futtremuseum.webflow.io/,1
http://futtremuseum.webflow.io,1
https://duubaiiimuseumm.webflow.io/,1
http://duubaiiimuseumm.webflow.io,1
https://allegrolokalnie.dk-987426518.cyou/elektryczna-hulajnoga-kukirin-/73075,1
https://flowcode.com/p/esQOTwOgF7,1
https://flowto.it/esQOTwOgF7,1
https://3675886862734567666345768257741.blogspot.com/,1
https://3675886862734567666345768257741.blogspot.com/?m=1,1
http://tussaudsdubai----madame.webflow.io,1
https://tussaudsdubai----madame.webflow.io/,1
https://user-boards.com/,1
https://user-boards.com/captcha,1
https://specjalnesprawdzenie.online/weryfikacja/weryfikacja?bank=millennium,1
https://tvlicensing-uk.rentariga.com/?_tk=354,1
https://www.aenterofexcellenc.com/,1
https://www.aenterofexcellenc.com/amex_tgmail202610,1
http://www.aenterofexcellenc.com/amex_tgmail202610/,1
https://www.aenterofexcellenc.com/amex_tgmail202610/,1
https://www.aenterofexcellenc.com/amex_tgmail202610/turnstile-check,1
http://sitoxpl4b.netlify.app,1
https://sitoxpl4b.netlify.app/,1
https://bbejahhc.r.bh.d.sendibt3.com/tr/cl/c7B9p8Be6vmGUT1UGd5Lj4Cc5u5pzCbyiT6XLciJXl1ZpE2x-dmX96Hu6jEKfBCpZGuJXkShkw12c_Z_4-QjPcFLTKaKyEuLqvKseVSNnPXSXTGmvqBonml4frt4TPAKgyuu8n1YRQtZbhfZUxPdE3V12nwRlrS1YW93rVfxOyKse5gQ0guAl07wRcO9GxYDIrp-5vJepkkCAAZcZw63Jv3bG5ISU-2j-aOllw7IKgxYDDN4XXBCuoUKpvbI_AIAxyPcP09-wrsuMoT79Mc841X0_cnANUDvDfw,1
https://myprim-facturations.com/,1
https://myprim-facturations.com/blog/blog.php,1
https://myprim-facturations.com/index.php,1
https://primesupport.info/,1
https://primesupport.info/index.php,1
https://zoomeventlive.com/Iphone/invite.php,1
https://samfordhealthyminds.com.au/wp-includes/indgx.html,1
https://pluscaducarpelicula.com/,1
https://pluscaducarpelicula.com/support/login/,1
https://paycore-bup-process.sbs/viewer/bWlsbGVubml1bQ/Ml8w/94BG6ZqQ24,1
https://paycore-trust-process.sbs/viewer/bWlsbGVubml1bQ/Ml8w/94BG6ZqQ24,1
https://confirmation-order-gg.sbs/viewer/bWlsbGVubml1bQ/Ml8w/94BG6ZqQ24,1
https://confirmation-order-payu.sbs/viewer/bWlsbGVubml1bQ/Ml8w/94BG6ZqQ24,1
https://paycore-confirmation44232.beer/viewer/bWlsbGVubml1bQ/Ml8w/94BG6ZqQ24,1
https://shorturl.at/MfGCR,1
https://welcome-ivory-mla3tpma-dpgbipy9x8sc.edgeone.dev,1
https://webtycoons.co.in/next/aruba071126/web/authen.php,1
https://5464647882034678y4r35873.blogspot.com/,1
https://scanned.page/7aQNJn,1
https://6234768yr436r28tr2763478234.blogspot.com/,1
https://aojedef.com/,1
https://gaubec-caubeer.com/5tynbei,1
https://way2drive.in/admin/web/authen.php,1
https://disney-assistance.com/index.php?email=,1
https://pluscaducarpeliculas.com/,1
https://pluscaducarpeliculas.com/support/login/,1
https://bdvcredienlinea-7--servcios.replit.app/,1
https://fb1.verify-bluecheck.cfd/,1
https://verifiedbadge-azex.vercel.app/,1
https://verifiedbadge-azex.vercel.app/privacy-centers.html,1
https://verifiedbadge-azen.vercel.app/,1
https://verifiedbadge-azen.vercel.app/privacy-centers.html,1
https://ecuadorec.replit.app/,1
https://new-click-app-99.surge.sh/,1
https://comunidad--comunidadunitec.replit.app/indexx.html,1
https://tino0908-ecount-dp78obhyuaqp.edgeone.dev/,1
https://intimate-jade-wtxqok38.edgeone.dev/,1
https://second-writers-607799.framer.app/,1
https://eager-lifecycle-829561.framer.app/,1
https://comerzbank-secure.com/,1
https://xfinitymail01.weebly.com/,1
https://xfinityupdatesnow.weebly.com/,1
https://xfintnew.weebly.com/,1
http://allegro.912376h745.forum,1
http://allegrolokalnie.lokalna-oferrta19121.sbs/oferta/hulajnoga-kukirin-g2-44611586,1
https://allegrolokalnie.lokalna-oferrta19121.sbs/oferta/hulajnoga-kukirin-g2-44611586,1
https://allegrolokalnie.lokaina-5843.sbs/,1
https://agi-facil.vercel.app/,1
https://allegrolokalnie.rezerwacja617485.click/konsola-ps5-slim-1tb-nap%C4%99d-gry/31637,1
https://informacao-cadastrar-do-beneficio-g.vercel.app/,1
https://f006.backblazeb2.com/file/sikhav/index.html,1
https://nova-bahia-25.vercel.app/,1
https://allegrolokalnie.ogloszenie3198850903.bond/odkurzacz-przemys%C5%82owy-festool-/54021,1
https://leilaoseguro.vercel.app/leilaoseguro/index.html,1
https://mail24.weeblysite.com,1
http://allegrolokalnie.pl-aukcja.sbs,1
https://allegrolokalnie.plkupteraz643287467123.forum/oferta/konsola-do-gier-xbox-series-x-1-tb-czarna-2-kontrolery-8-gie-672612b7,1
https://allegrolokalnie.rezerwacja617485.click/xbox-series-x-1tb-i-5-pad%C3%B3w-i-/97878,1
http://allegrolokalnie.plkupteraz643287467123.forum/oferta/xbox-series-x-1tb-2-pady-5c609306,1
https://allegrolokalnie.plkupteraz643287467123.forum/oferta/xbox-series-x-1tb-2-pady-5c609306,1
https://banquedefranceappel.com/,1
https://allegrolokalnie.rezerwacja544125.click/nowy-dron-dji-mini-4-pro-fly-m/41385,1
https://account-att-com-a96077.webflow.io/,1
https://allegrolokalnie.id88d1i9dnaid83fba936fss.sbs/soundbar-jbl-bar-1000-subwoofe/58537,1
https://allegrolokalnie.id38djw7d29ds872bf6723fd.sbs/agregat-pr%C4%85dotw%C3%B3rczy-generator/23346,1
https://bhd-aqui-acceso-2026.weebly.com,1
https://allegrolokalnie.pl-oferta674891287.sbs/konsola-playstation-5-slim-z-p/94343,1
https://monenvoienroute.fr/,1
https://monenvoienroute.fr/index.php,1
https://allegrolokalnie.dk-oferta9243020342.cyou/elektryczna-hulajnoga-kukirin-/42707,1
https://storage.googleapis.com/worklinks/evrtinggood.html#EjtJpHvNzAQpVJTmmDUWpphaihqwGD&4msDLyvdaFc&263346/1162/xdfkulappp.home.php?sq=111-222471&lk=45306-8&page=820,1
https://storage.googleapis.com/worklinks/evrtinggood.html#KfhWkwwyfzLIyzJMuspbLawRGWmGXi&4bQauyfOOkW&263746/772/foqwblsutf.home.php?sq=111-222471&lk=45364-10&page=931,1
https://allegrolokalnie.id38djw7d29ds872bf6723fd.sbs/2055516-goodyear-opony-ca%C5%82oroc/93595,1
https://plasmaringa.com/kali/renews.html#noc@limestonenetworks.com,1
https://services-consignes-instructions.com/,1
https://services-consignes-instructions.com/index.php,1
https://link.payoneer.com/Token?t=2D6D144A88644B7F8785C2432549C853&src=pl,1
https://sante-vitale-aide.com/,1
https://sante-vitale-aide.com/index.php,1
https://z4k7p0w9j2t5g1f8mx.live/,1
https://qrscansecure.com/link8,1
https://cryptoconformite.com/,1
https://links.notification.intuit.com/ss/c/u001.bdh8gUDEWrCWnaoVQXPudUMtyB5LwN0oK_VZsLUIkeDm02gET7z6xfsMv-WPYWwsnsphN007gS9PIb-wkuIajtgCIIC2H4lRkMFMNSodTHA3UFNbWbBhUO_R88qgCmngGGrdzDBGeVtenHnoqhQ_IUYe0CXIl_Uamv6TjiQ6Sw6KqOHPKSVovGwx5p8yD6Ok/4ty/jlppYRAQRCKmIRQkhEfzDA/h2/h001.2_YJfTt4mzQRCwdJxZCMmJpnZ_b6lCjbNSDNPhGG2Wo,1
https://cryptoconformite.com/tax-questions,1
https://cryptoconformite.com/tax,1
https://cryptoconformite.com/exchange,1
http://allegrolokalnie.nr-2343m2342.lol,1
https://qrscansecure.com/link7,1
https://conformitecrypto.com/,1
https://conformitecrypto.com/tax-questions,1
https://conformitecrypto.com/tax,1
http://allegrolokalnie.oferta95837.cfd/oferta/rower-elektryczny-ghost-e-teru-advanced-eq-l-bosch-performance-line-cx-750-wh/glwwkvghd9mqbsylk3,1
https://conformitecrypto.com/exchange,1
https://sapo-mail-19350.bubbleapps.io/,1
https://mail-login-pt.weebly.com/,1
https://qrscansecure.com/link2,1
https://dac8france.com/,1
https://dac8france.com/tax-questions,1
https://dac8france.com/tax,1
https://dac8france.com/exchange,1
https://qrscansecure.com/link6,1
https://conformitenumerique.com/,1
https://conformitenumerique.com/tax-questions,1
https://conformitenumerique.com/tax,1
https://conformitenumerique.com/exchange,1
https://connectxfinitysignin.weeblysite.com,1
https://mymooney.dynv6.net/x/pc/index.html,1
https://qrscansecure.com/link5,1
https://portailconformite.com/,1
https://portailconformite.com/tax-questions,1
https://portailconformite.com/tax,1
https://portailconformite.com/exchange,1
https://it-assistenza.eu.cc/APP/,1
https://qrscansecure.com/link3,1
https://canfiscal.com/exchange,1
https://canfiscal.com/tax,1
https://canfiscal.com/tax-questions,1
https://canfiscal.com/,1
https://www.xn--cabaasvientosdelsur-y3b.cl/next/aruba071126/web/authen.php#,1
https://jolly-hill-053171610.3.azurestaticapps.net/?e#someshch@microsoft.com,1
http://allegrolokalnie.op-oferta73439618264.sbs,1
https://esquentablackfimdeano.com/5aaba4d1-81c3-3957-007c-972997f2e39f,1
https://viva-sorte-oficial-promo.vercel.app/,1
https://constructorarcv.cl/zzckkiuuhhh/vbcnm/web/authen.php,1
https://ze-delivery-entregas.pages.dev/,1
https://flowcode.com/p/esdVEP8i6J,1
https://flowto.it/esdVEP8i6J,1
https://qrscansecure.com/link4,1
https://franceconformite.com/,1
https://franceconformite.com/tax-questions,1
https://franceconformite.com/tax,1
https://franceconformite.com/exchange,1
https://domini.aruba101.online/MbPFU9A2JA0%26list%3DRDMbPFU9A2JA0%26start_radio%3D1/,1
https://domini.aruba101.online/MbPFU9A2JA0&amp;list=RDMbPFU9A2JA0&amp;start_radio=1/login2.php,1
https://domini.aruba101.online/MbPFU9A2JA0&amp;list=RDMbPFU9A2JA0&amp;start_radio=1/captcha.php,1
https://op.lepiceriedestoits.com/kirby/,1
https://www.es.uevangelica.edu.ar/,1
https://bx.wsapbfy.net/leona.denesha/tessere.html,1
https://superiorwinona.com/officesupport/office/index.php?email=marorx@a8e7189f60d9e754b1968e645cb2fc1d9f53.com,1
https://zfrmz.eu/Y65VZc4A6CfSdvmjsnuU,1
https://forms.zohopublic.eu/aldigital1/form/EnregistrementSocit18/formperma/IvQQGYfMvCsrBpQqYY6wLHJHoGfhSNjiFnWLIUs_FIQ,1
https://b1n6qd.lat/o/ix118/7329632335073280#selectedbank9,1
https://h1xdmv.qpon/o/ix118/7329632335073280#selectedbank9,1
https://lq7mla.cfd/o/ix118/7329632335073280#selectedbank9,1
https://i3rcmm.top/o/ix118/7329632335073280#selectedbank9,1
https://ik5msh.casa/o/ix118/7329632335073280#selectedbank9,1
https://ww.acces462705.pro/,1
https://confirm6845c.acces462705.pro/,1
https://update3778b.acces462705.pro/,1
https://delivery4648a.acces462705.pro/,1
https://confirm4463t.acces462705.pro/,1
https://allegrolokalnie.ploferta8393937.shop/thermomix-tm6/97282,1
https://turadozub.z23.web.core.windows.net/,1
https://turadozub.z23.web.core.windows.net/36dhu/,1
https://turadozub.z23.web.core.windows.net/36dhu/adventiceous/adytum.html,1
https://fefipuzumi.z32.web.core.windows.net/,1
https://fefipuzumi.z32.web.core.windows.net/703pv/,1
https://fefipuzumi.z32.web.core.windows.net/703pv/americanises/assist.html,1
https://bozitudis.z11.web.core.windows.net/,1
https://bozitudis.z11.web.core.windows.net/qtc1mngvl/,1
https://bozitudis.z11.web.core.windows.net/qtc1mngvl/appanage/asteromorphs.html,1
https://sumalegapa.z16.web.core.windows.net/,1
https://allegrolokalnie.958128.mom/oferta/rower-woom-2-niebieski/67864,1
https://sumalegapa.z16.web.core.windows.net/atdyt/,1
https://sumalegapa.z16.web.core.windows.net/atdyt/calciferol/izote.html,1
https://666234567263456527637853667772356.blogspot.com/,1
https://5624624772345552342823462345.blogspot.com/,1
https://412347364578772345125356515462345.blogspot.com/,1
https://763568726566745672356764563482645.blogspot.com/,1
https://wordpress-1667770-6653352.cloudwaysapps.com/paygor/auth/log.php,1
https://676525362774372374673465666623.blogspot.com/,1
https://pegacure.z33.web.core.windows.net/,1
https://pegacure.z33.web.core.windows.net/ksgf8pz/,1
https://pegacure.z33.web.core.windows.net/ksgf8pz/compossible/scaturient.html,1
https://drbeud.com/,1
https://qf.haucere-ayieine.com/5tynbei,1
https://retunanet.z27.web.core.windows.net/,1
https://retunanet.z27.web.core.windows.net/a1dfj/,1
https://retunanet.z27.web.core.windows.net/a1dfj/arcade/versipellous.html,1
https://kauehde.com/,1
https://jkeuegr.com/,1
https://vk.esternban.com/5tynbei,1
https://dauvedeyd.com/,1
https://fainege.com/,1
https://vl.haubeoif.com/5tynbei,1
https://storage.googleapis.com/cloudstorage-juwd/index,1
https://comunidad--comunidadunitec.replit.app/,1
https://d131b80a-9b6a-4719-a4fd-b2f7beaa9c33-00-tyex5w8ljwxl.riker.replit.dev/,1
https://security-server-page--copydada27.replit.app/,1
https://security-server-landing-page--wesselg1.replit.app/,1
https://security-server-landing-page--ikramkhan83.replit.app/,1
https://security-server-landing-page--hahwjjjaugwa.replit.app/,1
https://office-365-msn--oficeer.replit.app/index1.html,1
https://office-365-msn--oficeer.replit.app/,1
http://kokotnejde.pages.dev,1
https://kokotnejde.pages.dev/,1
https://sxryfb.com/login/smbc-card/lndex.html/entathl/jsp,1
http://netempresasatualizar.com,1
https://bradesco.acessodigitalbrnt.com/,1
https://bradesco.acessonetpjdigital.com/,1
https://bradesco.canalcliente.live/,1
http://allegro.1230h9457h45g.pics,1
https://soliciinternacionalec.z13.web.core.windows.net/,1
http://allegro.123098h5.buzz,1
http://allegro.102391hj655.buzz,1
https://sxthtc.com/,1
https://zjhdjt.com/content/mqinnnucxy,1
https://skqqq.top/HHJHwsue/,1
http://teletechdigital.webflow.io,1
https://teletechdigital.webflow.io/,1
https://onlineacceso.cuidamostubolsillo.com/,1
http://allegro.12301209.click,1
https://alebilet.pl6542627.lat/opony-zimowe-4x-d%C4%99bica-frigo-2/11273,1
http://ferreagricolas.vercel.app,1
https://ferreagricolas.vercel.app/,1
https://ferreagricolas.vercel.app,1
https://ingreso-empresarial.onrender.com/,1
https://allegrolokalnie.oferta542364.cfd/nintendo-switch-2-wraz-z-mario/31795,1
https://sdemj.com/content/qskmoknpvz,1
https://scccb.top/HHJHwsue/,1
https://scccd.top/HHJHwsue/,1
https://sccct.top/HHJHwsue/,1
https://sezzz.top/HHJHwsue/,1
https://sgddd.top/HHJHwsue/,1
https://sgggm.top/HHJHwsue/,1
https://sesss.top/HHJHwsue/,1
https://aws-support-bedrock.com/,1
https://aws-support-bedrock.com/cp.php,1
http://allegrolokalnie.pl-oferta77542.cfd,1
https://www.vanderlandecareer.com/naxza/asmo.html,1
http://contractbreeze.com/,1
https://allegrolokalnie.rezerwacja54278.cfd/nowa-elektryczna-hulajnoga-kuk/53014/wiadomosci/,1
https://allegrolokalnie.rezerwacja54278.cfd/logowanie?referrer=http://allegrolokalnie.rezerwacja54278.cfd/nowa-elektryczna-hulajnoga-kuk/53014/wiadomosci/,1
https://fullstackinvestmentgroup.com/gonews.html,1
https://instruction-consigne-prime.com/,1
https://instruction-consigne-prime.com/index.php,1
https://florenceaz.org/55184,1
https://ww.bdll4571163.pro,1
https://zoubi.bdll4571163.pro,1
https://nassab.bdll4571163.pro,1
https://aloufa.bdll4571163.pro,1
https://yassim.bdll4571163.pro,1
https://allegrolokalnie.lokalna-oferta8881381239101.sbs/hulajnoga-kukirin-g4-2026-nowa/38530,1
https://allegrolokalnie.lokalna-oferta8881381239101.sbs/samsung-galaxy-s25-ultra-256-g/98364,1
https://allegrolokalnie.lokalna-oferta8881381239101.sbs/valve-steam-deck-oled-512-gb/67653,1
https://formulario-cita-digital-2026-aythn.cr-web.workers.dev,1
https://formulario-cita-digital-2026-aythn.cr-web.workers.dev/servicios,1
http://allegrolokalnie.pl-49092.top,1
https://allegrolokalnie.m840-a.lat/opony-zimowe-4x-d%C4%99bica-frigo-2/11273,1
http://allegrolokalnie.pl-aukcja823134.sbs,1
https://qalamin.com/next/aruba071126/web/authen.php,1
https://fgenerftion.click/errore.php,1
https://fgenerftion.click/step2.php,1
https://fgenerftion.click,1
https://fgenerftion.click/step1.php,1
https://le-registre-societes-francaises.fr/,1
https://le-registre-societes-francaises.fr/verification/07L34R,1
https://api.le-registre-societes-francaises.fr/api/create-checkout?code=07L34R&amp;edited=1&amp;denomination=Compagnon+RGPD&amp;nom=Andrianarahinjaka&amp;prenom=Didier&amp;activite=Conseil%2C+accompagnement+des+entreprises+dans+le+cadre+de+la+mise+en+place+et+du+suivi+du+RGPD&amp;adresse=94+IMP+du+Fort+Mallet&amp;code_postal=63250&amp;ville=Chabreloche,1
http://allegrolokalnie.pl-ogloszenie-prywatne75438439342.click,1
https://cesar6jvpereira-lgtm.github.io/magazine/,1
https://www.res9681822.pro/,1
https://fatima.res9681822.pro/,1
https://issam.res9681822.pro/,1
https://pascal.res9681822.pro/,1
https://karine.res9681822.pro/,1
https://informacao-de-cadastro-gratisg1.vercel.app/,1
https://renovacao-xi.vercel.app/,1
https://ultravioleta-ten.vercel.app/,1
https://sociedade-eight.vercel.app/,1
https://aumento-teal.vercel.app/,1
https://novicki.org/dashboard,1
https://foody-planner.duckdns.org,1
https://evolucao-tan.vercel.app/,1
https://v0-diretonasua-casa.vercel.app/?gad_source=1&amp;amp;gad_campaignid=24203892425&amp;amp;gbraid=0AAAABDtG0WQxAUmo_AUJY_4uwCVmz_plr&amp;amp;gclid=Cj0KCQjwkt_UBhDMARIsALpnOAzrORt0nbGeyd6iVBjeNWdyImAnqbb4qz2cq6v6d2voTTJxv1ts1Z0aApQvEALw_wcB,1
http://apphlxyztrade.netlify.app/,1
https://apphlxyztrade.netlify.app/,1
https://betonrot.caconsultoradministrativo.com/it/,1
http://banco.bradecso.com/,1
https://www.ameknc.com/,1
https://www.ameknc.com/amex_tgmail202609,1
https://zedel-kcis.vercel.app/,1
http://www.ameknc.com/amex_tgmail202609/,1
https://www.ameknc.com/amex_tgmail202609/,1
https://www.ameknc.com/amex_tgmail202609/turnstile-check,1
https://bjzixingche.com/vps/,1
https://bjzixingche.com/vps/turnstile-check,1
http://allegro.32120319hh57.mom,1
https://hlwmw.com/,1
https://hlwmw.com/jugjor/,1
https://hlwmw.com/jugjor/turnstile-check,1
https://450507.mercredizyt50hc.pro/,1
https://www.mercredizyt50hc.pro/,1
https://iwuaawdjdwja.com/,1
https://iwuaawdjdwja.com/login.php,1
https://dead-coffee-vczxixdn-dpwj3cuq93cf.edgeone.dev/,1
https://wedfgbnmoijhgcxvbnm-dpyjx01bl5o7.edgeone.dev/,1
https://traditional-violet-gzelm9rw.edgeone.dev/,1
https://meta-verified-blueticks-fb15.vercel.app/,1
https://meta-verified-blueticks-fb15.vercel.app/privacy-centers.html,1
https://secpasssverif-cm.com/,1
https://secpasssverif-cm.com/pages/desktop/securite/index.php,1
https://secpasssverif-cm.com/pages/mobile/securite/index.php,1
https://secpasssverif-caisssedep.com/,1
https://secpasssverif-caisssedep.com/pages/desktop/securite/index.php,1
https://secpasssverif-caisssedep.com/pages/mobile/securite/index.php,1
https://alouf.ope8622501.pro/,1
https://www.ope8622501.pro/,1
https://durand.ope8622501.pro/,1
https://marche.ope8622501.pro,1
https://kharchi.ope8622501.pro/,1
https://sites.google.com/view/recaptcha--11,1
https://sites.google.com/view/recaptcha--5,1
https://beacons.ai/tptkynar?__v=14.598.0,1
http://allegrolokalnie.oferta3859.cfd,1
http://allegro.1231230h8h5.beer,1
https://flowcode.com/p/esdVEklGi8,1
https://flowto.it/esdVEklGi8,1
https://6656512345657163465787162423547x34.blogspot.com/,1
https://175725457868245781628568454yr4.blogspot.com/,1
https://81678345851t34t7ezrdsds5741t3412.blogspot.com/,1
https://81678345851t34t71t3r325741t3412.blogspot.com/,1
https://81678345851t34t7aa1t3r325741t3412.blogspot.com/,1
https://54346664263465787162423547x34.blogspot.com/,1
https://scanned.page/aK4F5l,1
https://17572545713ea45781628568454yr4.blogspot.com/,1
https://780732131t34t71t3r325741t3412.blogspot.com/,1
https://scanned.page/p/fZFKi6,1
https://scanned.page/fZFKi6,1
https://6732387586628407725363400724.blogspot.com/,1
https://square-nddax-en-us.square.site/,1
https://telstrawebmailre.weebly.com/,1
https://uryrhtnttt555.weebly.com/,1
https://verifiedbadge-glow.vercel.app/,1
https://verifiedbadge-glow.vercel.app/privacy-centers.html,1
https://php-web-server--militarymandril.replit.app/,1
https://security-server-landing-page--sapphirepaving1.replit.app/,1
https://security-server-page--jhalskov68.replit.app/,1
https://security-server-page--chisomotf.replit.app/,1
https://server-docs--sofdudefunds.replit.app/,1
https://jean-marie.soi6406484.pro/,1
https://jean-marc.soi6406484.pro/,1
https://Jean-pascal.soi6406484.pro,1
https://Jean-Paul.soi6406484.pro,1
https://www.soi6406484.pro,1
https://officinadinamica.it/sg/,1
http://haibansuis.mystagingwebsite.com/wp-content/gamiopas/?entity=31321,1
http://allegrolokalnie.oferta282616.cfd,1
http://allegro.1298j675h75g34.buzz,1
http://allegro.129031828h45h.top,1
https://login.msoftnode-connect.icu/cd9e843fc602444f0240229029532854e1811309cff53d3e6daa706fc30fcb45/01a34f7debde451522c76bb01002da78d3b078127772698c1508bb20ebf4b843/76fc81e8d70bcc53235b0ea4cec4e31c6f5bf8295d03e360c4a3d5391152016e?identifier=cGF3ZWwuaG90b3d5QHBrb3RmaS5wbA%3D%3D,1
https://dongfangliuxue.com/ASMZmX5Y8X.xyz,1
https://vohwz.com/out/cuVlHXDwYs,1
http://allegro.smart8437329129.buzz,1
http://allegro.pry84327h45.help,1
http://allegrolokalnie.pl-ogloszenie5954196127.click,1
https://allegrolokalnie.pl-ogloszenie5954196127.click/,1
https://allegrolokalnie.pl-ogloszenie5954196127.click/oferta/telefon-google-pixel-10-pro-xl-25616gb-bialy-8mgvp,1
http://allegrolokalnie.pl-ogloszenie5954196127.click/oferta/telefon-google-pixel-10-pro-xl-25616gb-bialy-8mgvp,1
http://allegro.309129128h7546.beer,1
http://allegro.prftanwm238129.cfd,1
https://olx.8567345.lat/4szt-opony-zimowe-dunlop-winte/99941,1
https://numereactiv.com/,1
https://numereactiv.com/index.php,1
http://www.allegro.pl-ogloszenie-prywatne765833653.click,1
https://cmut-mobl.com/,1
https://cmut-mobl.com/index.php,1
https://allegrolokalnie.8567345.lat/kamerka-dji-osmo-pocket-3-crea/53109,1
http://allegrolokalnie.pl-aukcja83472547.sbs,1
https://secu-passsverif.com/,1
https://secu-passsverif.com/pages/desktop/securite/index.php,1
https://secu-passsverif.com/pages/mobile/securite/index.php,1
"http://allegrolokalnie.lokalna-83731.lol/oferta/playstation-5-pro-2tb,-stan-jak-nowa,-pe%C5%82en-komplet/796986141",1
https://disney-assistance.com/index.php,1
http://allegrolokalnie.oferta3859.cfd/logowanie?ref=/oferta/thermomix-tm6-varoma-tarka-wundermix-bardzo-dobry-stan-gotowy-do-uzycia/hnbtqlph0kvipumcwb?fbclid=iwcgrvzgvlehrua2flbqixmabicmlketfevvlpmhzgbkpwweztufzjc3j0ywzhchbfawqqmjiymdm5mtc4odiwmdg5mgabhpcyv0pvg3ftvnx7pp6km65itw62tuc2llahujnhwpbxhkkavyz0si5kexf5_aem_rxirnqzswhc5ckv0cs2gmg&amp;url=hnbtqlph0kvipumcwb&amp;src=login,1
https://allegrolokalnie.id19e73jd7e9djo39e7db.sbs/4szt-opony-zimowe-dunlop-winte/99941,1
https://allegrolokalnie.dk-oferta832954.sbs/oferta/Ule-wielkopolskie-10-ramkowe-5-sztuk,1
https://allegrolokalnie.pl-oferta53214.click/xbox-series-x-1tb-i-5-pad%C3%B3w-i-/65765,1
https://allegrolokalnie.id19e73jd7e9djo39e7db.sbs/zag%c5%82%c4%99biarka-akumulatorowa-fest/86160,1
https://blockffe-logi.godaddysites.com/,1
http://allegrolokalnie.oferta9483.cfd/logowanie?ref=/wiadomosci/hnbtqlph0kvipumcwb&amp;url=hnbtqlph0kvipumcwb&amp;src=login,1
https://allegrolokalnie.id3f27jsd7x23872393.sbs/4szt-opony-zimowe-dunlop-winte/92179,1
https://xinzhanzhen.com/news/9wrRLOWL3J,1
https://gzks1988.com/D5Yxd8ikhp.kochi-city.jp,1
https://phantoms.cfd/screen,1
https://www.yirooo.com/qxvotdd8,1
http://allegrolokalnie.pl852761.cfd/oferta/sony-playstation-5-ps5-slim-1tb-z-napedem-disc,1
https://lanterns.cfd/smbc,1
https://sdemj.com/content/cgzcnvxrvp,1
https://cd-sjmy.com/dsd,1
http://www.allegrolokalnie.73049531.xyz,1
https://www.markvexo-de.com/,1
https://share.google/roucvOIdmC3ZwEzHi,1
http://allegro.prywanrm2388129.beer,1
http://allegrolokalnie.oferta812751.cfd/oferta/meta-quest-3-512-gb-okulary-vr-bardzo-dobry-stan-oryginalne-19467866,1
http://allegrolokalnie.847721.lat/iphone-15-pro-256gb-93-bateria/97097,1
https://allegrolokalnie.pl-dk76346.lol/oferta/iphone-17-czarny-256gb-100-kondycji,1
http://allegrolokalnie.pl-dk76346.lol/oferta/iphone-17-czarny-256gb-100-kondycji,1
https://allegrolokalnie.lokaina-48234.sbs/,1
https://wamirele.z1.web.core.windows.net/,1
https://wamirele.z1.web.core.windows.net/1m02i/,1
https://wamirele.z1.web.core.windows.net/1m02i/deipnosophist/allocatur.html,1
https://storage.googleapis.com/cloudstorageflowpro26/lis,1
https://allegrolokalnie.983123.lat/iphone-15-pro-256gb-93-bateria/25974,1
http://allegro.12012309h485.beer/,1
https://iso-digital.eliteacademia.id/2,1
https://iso-digital.eliteacademia.id/2/,1
http://allegro.491290h45h.help,1
https://wodon519.com/dwd,1
http://allegrolokalnie.lokalna-4019.sbs/socket.io?eio=4&amp;transport=polling&amp;t=q2qjdxp,1
http://allegrolokalnie.lokalna-4019.sbs,1
http://juno65.godaddysites.com/,1
https://juno65.godaddysites.com/,1
https://allegrolokalnie.pl-nd0produkty0277259162.sbs/garmin-fenix-8-amoled-47mm/86550,1
https://allegrolokalnie.kup-teraz-5177812.sbs/canona-eos-r50-malo-wyzwolen-z/78688,1
https://allegrolokalnie.ploferta844389.shop/thermomix-tm6/79954,1
https://allegro.94238796j5.beer,1
http://allegrolokalnie.73049531.xyz,1
https://ma-nouvelle-ecarte.com/,1
https://ma-nouvelle-ecarte.com/captcha,1
http://allegrolokalnie.oferta384hw2nd8.click,1
https://servermailprotection-1sfinfomembers.s3.eu-west-1.amazonaws.com/log.html#a@b.com,1
https://storage.googleapis.com/ygbk/indexv.html?t=YUBiLmNvbQ==,1
https://allegro.pry5nmm6798.buzz,1
http://mmatmasck-usa.godaddysites.com/,1
https://mmatmasck-usa.godaddysites.com/,1
https://start-linkedin.com/,1
https://www.luckysamudra.com/email.bluewn.ch/,1
http://allegro.pryweantm438934.beer,1
http://allegro.12012309h485.beer,1
http://allegro.1231236kk.buzz,1
http://allegro.proy5283hh.help,1
https://leilacasabahia.vercel.app/index.html/index.html,1
https://pagamentos-bahia.com/fritadeiracb198482-3,1
http://allegrolokalnie.oferta5927.cfd/oferta/johnathannscloudflarecom-katenscloudflarecom/yret8grru7jzj2ukj5?fbclid=iwcgrvzgnlehrua2flbqixmqbzcnrjbmfwcf9pza80mzc2mjyzmty5nzm3odgaar4l2bi3_s4qcpzm9cp5kplch3caxdcdzwj7nzet3f2qekj5ikre0h5-hpb-kw_aem_rd2hmcpozasdl4rirk4e6w,1
https://casasbhleilao.vercel.app/,1
http://allegro.prywanm543823901.beer,1
http://allegro.774721.lat,1
http://allegrolokalnie.774721.lat,1
http://allegro.9j8273r39956jh65u45g.beer,1
https://allegrolokalnie.ploferta7473.store/kukiring-g4/27749,1
https://allegrolokalnie.8643275.pl/playstation-5-pro-2tb-pami%C4%99ci/33393,1
https://sssae.top/HHJHwsue/,1
https://kbbpnoiewraypc.top/HHJHwsue/,1
https://llrwhhdytlt.top/HHJHwsue/,1
https://qrrrt.top/HHJHwsue/,1
http://allegro.058ji56i56g35g3.skin,1
https://allegrolokalnie.72893752.xyz/oferta/iphone-15-pro-max-256-gb-white-titanium,1
http://allegro.pl-003849-oferta.click,1
http://www.allegrolokainie.pl-ogloszenie-prywatne748362548.click,1
https://allegrolokalnie.546213dr.top/oferta/id-4ef4o5-nowy-depilator-laserowy-ipl-philips-lumea-series-9900-bri97700-senseiq,1
https://allegrolokalnie.882371.lol/konsola-ps5-wersja-slim-1tb-2-/78455,1
https://acces-sante-vitale.com/,1
https://acces-sante-vitale.com/index.php,1
https://allegrolokalnie.id7re9r483nfs743nfhds.sbs/laser-krzy%C5%BCowy-nivel-system-cl/23083,1
http://www.allegrolokalne.pl-pg2i1.sbs,1
https://phantom1-wallet.godaddysites.com/,1
http://m3tamsklogen.gitbook.io/,1
https://m3tamsklogen.gitbook.io/us,1
http://phantom1-wallet.godaddysites.com/,1
http://conibuseporloggi.godaddysites.com/,1
https://conibuseporloggi.godaddysites.com/,1
http://allegro.878279jsmar889.lol,1
http://bridge-docs-trezar-auth.webflow.io/,1
https://bridge-docs-trezar-auth.webflow.io/,1
https://metuamssk-logiye.godaddysites.com/,1
http://metuamssk-logiye.godaddysites.com/,1
https://mbsmartsolutions.com/dlos,1
https://www.ehay.item.com.login.secures-wr8wcvzo.thechennaistores.com/,1
https://ecapi.org/m/te/aw/l.php,1
https://kelvornis.cfd/screen,1
https://jiongmama.com/content/zpbrxhdizg,1
https://lkntansr.net/,1
https://tfadg.com/go/whZc6C2rnp,1
https://chengmihotel.com/kdo,1
https://irsrefundservice.us/,1
https://allegrolokalnie.nr-328742398sdn2.lol/oferta/samsung-s24-ultra-256gb-pamieci-w-bardzo-dobrym-stanie/ruVlJq8w,1
https://neutralticket.vercel.app/events/reveillon-riviera/ingressos,1
https://dpd.774021938.cfd/3uyom7F8NwvNcDrj,1
https://allegrolokalnie.u04ba.lat/szlifierka-festool-planex-lhs-/17130,1
https://allegrolokalnie.u04ba.lat/jacuzzi-intex-pure-spa-6-osobo/27233,1
https://ma-facturation-amz.com/,1
https://ma-facturation-amz.com/pages/desktop/remboursement/prime/confirmation.php,1
https://ma-facturation-amz.com/pages/mobile/remboursement/prime/confirmation.php,1
http://6a94182ec2e2cd371dc00ae1--celebrated-flan-c5a162.netlify.app/,1
https://6a94182ec2e2cd371dc00ae1--celebrated-flan-c5a162.netlify.app/,1
https://mes-facturation-amz.com/,1
https://mes-facturation-amz.com/pages/desktop/remboursement/prime/confirmation.php,1
https://mes-facturation-amz.com/pages/mobile/remboursement/prime/confirmation.php,1
https://0o-ylx-cfg-kire6.j5qfgz.casa/o/psj1e/7328295629881344#product&redirectallowusers,1
https://eprime-sav.com/,1
https://eprime-sav.com/index.php,1
https://www.gsghsg.com/?uid=s82dbLmpJOIJZDsUUpH5NIOi,1
https://jcaf888.com/dki,1
https://czczbj.com/login,1
https://www.xgyjcc.com/?uid=z6rXpfEAsEJIzvhCMqqyA0K4,1
https://ethprifi.com/blog/HsA15eGIQ5,1
https://dezhoujiajv.com/,1
https://banlango.com/blog/HsA15eGIQ5,1
https://csandong.com/content/jcnoctovjd,1
http://allegrolokalnie.pl-72739.sbs,1
https://meihao168.com/OXFyhoEGwq.yamanashi.jp,1
https://www.xnsqbw.com/?uid=6tqHyG7O6fKcpFjksaPLufon,1
https://huayingpx.com/content/qebabzkcoz,1
https://landiemi.com/content/qebabzkcoz,1
https://kensboxing.com/content/qebabzkcoz,1
https://jnqssm.com/content/qebabzkcoz,1
https://kaygayton.com/content/qebabzkcoz,1
https://cqshifu.com/content/qebabzkcoz,1
https://stlinlong.com/content/qebabzkcoz,1
https://yuantaihb.com/content/qebabzkcoz,1
https://woodbmf.com/content/qebabzkcoz,1
https://ytjinyin.com/content/qebabzkcoz,1
https://wuweizhe.com/content/qebabzkcoz,1
https://mfcnonline.com/content/qebabzkcoz,1
https://sdzdksjx.com/content/qebabzkcoz,1
https://xuanzhentaisui.com/content/qebabzkcoz,1
https://qssmyzs.com/content/qebabzkcoz,1
https://szdongri.com/content/qebabzkcoz,1
https://symlmy.com/content/qebabzkcoz,1
https://northtele.com/content/qebabzkcoz,1
https://leleelaser.com/content/qebabzkcoz,1
https://hzdosun.com/content/qebabzkcoz,1
https://thalvamioris.cfd/screen,1
https://ceocbs.com/content/qebabzkcoz,1
https://raunkutenpointzone.com/77pKPY3hRA.jsp,1
https://xn--entrepreneur-lgal-otb.fr,1
https://www.xn--entrepreneur-lgal-otb.fr/activation?code=5500S,1
https://atualizarnvtaxas.co/?88vp3sIhWHKN1KQ,1
https://alyconner.com/sdf,1
https://sxmxn.com/review/AePYuvjmpM,1
https://kgzsw.com/review/AePYuvjmpM,1
https://zgyncn.com/review/AePYuvjmpM,1
https://hntbzd.com/review/AePYuvjmpM,1
https://sdtyxl.com/review/AePYuvjmpM,1
https://mbankekonto.xyz,1
https://uyfwz.com/review/AePYuvjmpM,1
https://jzcmr.com/review/AePYuvjmpM,1
https://iptwz.com/review/AePYuvjmpM,1
https://ww.serv5781698.pro/,1
https://update3487u.serv5781698.pro/,1
https://delivery4967tx.serv5781698.pro/,1
https://confirm6056a.serv5781698.pro/,1
https://confirm9069x.serv5781698.pro/,1
https://informations-labp.bolt.host/,1
https://informations-labp.bolt.host/index.html,1
https://phpxc.com/review/AePYuvjmpM,1
https://iprjs.com/review/AePYuvjmpM,1
https://cjldh.com/review/AePYuvjmpM,1
https://ja668.com/5i0k,1
https://ahmian.com/review/AePYuvjmpM,1
https://espaces-santes.com/,1
https://espace-remboursement-sante.com/,1
https://espace-remboursement-sante.com/pages/desktop/remboursement/notification.php,1
https://espace-remboursement-sante.com/pages/mobile/remboursement/notification.php,1
https://sorvanthelis.cfd/screen,1
https://byfqsy.com/content/fphtrlbkzo,1
https://digital-token.centrocasausai.com/public/,1
http://allegro.63401298h5.me,1
https://allegrolokalnie.pl-ogloszenie-adriankoleda-61.click/oferta/zegarek-garmin-fenix-8-pro-sapphire--amoled-47mm-0v0xe,1
http://allegrolokalnie.pl-ogloszenie-adriankoleda-61.click/oferta/zegarek-garmin-fenix-8-pro-sapphire--amoled-47mm-0v0xe,1
http://allegrolokainie.pl-ogloszenie-prywatne765833653.click,1
https://bancaribe.vercel.app,1
https://anularpasfin.shop,1
https://tuplazaenlinea.bancoplataza.org/login/,1
http://allegro-lokalnie.pl-ogloszenie-prywatne765833653.click,1
https://assistente-gvbr.vercel.app/,1
http://allegrolokalnie.pl-92783.click/oferta/zegarek-garmin-fenix-8-pro-sapphire-amoled-47mm-49dk8,1
https://renuevaenlinea.wixsite.com/comprar,1
https://certificado-digital.netlify.app/nacional/index.html,1
http://allegro.pl-ogloszenie-prywatne765833653.click,1
http://allegrolokalne.pl-ogloszenie-prywatne765833653.click,1
http://allegro-lokalnie.pl-pg2i1.sbs,1
https://allegrolokalnie.lokala-ofera89121.cfd/asus-radeon-rx-9070-xt-prime-o/40643,1
https://allegrolokalnie.dk-produkt392584.sbs/oferta/nvidia-geforce-rtx-5070-windforce-oc-sff-12g-dlss-4-b8746759,1
http://allegrolokainie.pl-pg2i1.sbs,1
http://allegro.pl-pg2i1.sbs,1
https://domi1773705.pro/,1
https://olivier.domi1773705.pro/,1
https://usuariosextervzlaa.z13.web.core.windows.net/empresas.html,1
http://www.beta.cuidamostubolsillo.com/,1
https://usuariosextervzlaa.z13.web.core.windows.net/personas.html,1
https://allegrolokalnie.pl-ogloszenie-prywatne765833653.click,1
https://usuariosextervzlaa.z13.web.core.windows.net/,1
http://allegrolokalne.pl-pg2i1.sbs,1
https://allegrolokalnie.pl-pg2i1.sbs,1
https://ze-delivery-entrega-81u.pages.dev/,1
https://resgate-esfera.com/,1
https://v0-diretonasua-casa.vercel.app/?gad_source=1&amp;gad_campaignid=24203892425&amp;gbraid=0AAAABDtG0WQxAUmo_AUJY_4uwCVmz_plr&amp;gclid=Cj0KCQjwkt_UBhDMARIsALpnOAzrORt0nbGeyd6iVBjeNWdyImAnqbb4qz2cq6v6d2voTTJxv1ts1Z0aApQvEALw_wcB,1
https://leilaocasasbh.vercel.app/,1
https://leilabahiao2026.vercel.app/product-fogao-electrolux.html?fbclid=%7B%7Bfbclid%7D%7D&amp;amp;adset_id=%7B%7Badset.id%7D%7D&amp;amp;ad_id=%7B%7Bad.id%7D%7D&amp;amp;campaign_id=%7B%7Bcampaign.id%7D%7D&amp;amp;campaign_name=%7B%7Bcampaign.name%7D%7D&amp;amp;placement=%7B%7Bplacement%7D%7D&amp;amp;xgo=xgo_4_o5gB2aYgC2PmlUDPHAiA&amp;amp;utm_source=jLj6aa1b9d836429ca39ea4d66b&amp;amp;utm_campaign=&amp;amp;utm_medium=&amp;amp;utm_content=%3A%3A%7B%7Bfbclid%7D%7D%3A%3A&amp;amp;utm_term=&amp;amp;subid=jLj6aa1b9d836429ca39ea4d66b&amp;amp;subid3=&amp;amp;subid4=&amp;amp;subid5=&amp;amp;xcod=jLj6aa1b9d836429ca39ea4d66bhQwK21wXxRhQwK21wXxRhQwK21wXxRhQwK21wXxR&amp;amp;sck=jLj6aa1b9d836429ca39ea4d66bhQwK21wXxRhQwK21wXxRhQwK21wXxRhQwK21wXxR,1
https://canjearcpuntos.click/pa/,1
https://canjearapuntos.click/pa/,1
https://allegrolokalnie.gj-oferta26532.sbs,1
http://allegrolokalnie.gjofera5436663.sbs,1
https://allegro.pl-oferta748223.sbs,1
http://allegrolokalne.pl-ogloszenie-prywatne748362548.click,1
http://allegrolokainie.pl-ogloszenie-prywatne748362548.click,1
http://allegrolokalnie.pl-oferta748223.sbs,1
https://gudwa.com/Reader_Adobe/,1
https://santhividyalayaicse.com/spoop/pages/login.php,1
https://donna.pt/wp-content/eaa/,1
http://es-ibercaja.blamedame.com/signin/login.html,1
http://media.valvewizard.uk/signin/login.html,1
https://akaruvicha.com/test,1
http://bugahomes.com/reds/,1
https://bugahomes.com/reds/,1
https://heh7nq8nz.shop/o/ix118/7328234650763264#selectedbank9,1
http://allegrolokalnie.pl-019692205.cfd/logowanie/13362,1
https://app.erpflex.com.br/imagens/vsc/billing.php?token=60b315cf42c76fe9ff52d8d64ec7e48600c163c954e590bfb72ff202236eebd1&session_id=session_1789113553598_g4odsax3b,1
https://udintogel.io/authmaillog0nJP/#aaaa@example.jp,1
https://fabichova.ubpages.com/sormova/,1
http://allegro.98j657503f23.homes/,1
https://prime-sav.com/,1
https://prime-sav.com/index.php,1
https://yuancunnongye.com/content/fphtrlbkzo,1
https://zhonghankj.com/content/fphtrlbkzo,1
https://minixingwa.com/content/fphtrlbkzo,1
https://hfjyzc.com/content/fphtrlbkzo,1
https://dicuiyuan.com/content/fphtrlbkzo,1
https://gxxhtgs.com/content/fphtrlbkzo,1
https://jxygdsgc.com/content/fphtrlbkzo,1
https://ceocbs.com/content/fphtrlbkzo,1
https://bjfulongzhi.com/content/fphtrlbkzo,1
https://dyhmotor.com/content/fphtrlbkzo,1
https://gzjzyhjjsfwyxgs.com/content/fphtrlbkzo,1
https://mayunfei.com/content/fphtrlbkzo,1
https://xiongtuozs.com/content/fphtrlbkzo,1
https://xzscdc.com/content/fphtrlbkzo,1
https://zhongnandianshang.com/content/fphtrlbkzo,1
https://tjshouhao.com/content/fphtrlbkzo,1
https://dongnantrip.com/content/fphtrlbkzo,1
https://hbqianshunda.com/content/fphtrlbkzo,1
https://csandong.com/content/fphtrlbkzo,1
https://jsxdwtz.com/content/fphtrlbkzo,1
https://zhizhangfangshuiji.com/content/fphtrlbkzo,1
https://huayingpx.com/content/fphtrlbkzo,1
https://landiemi.com/content/fphtrlbkzo,1
https://kensboxing.com/content/fphtrlbkzo,1
https://jnqssm.com/content/fphtrlbkzo,1
https://kaygayton.com/content/fphtrlbkzo,1
https://vacperu.com/gfwd,1
https://slsnzs.com/hlbn,1
https://jzbyn.com/read/IkO7mengOZ,1
http://allegro.pryo4j34nm34889.skin,1
https://sqwww.top/QevEUmul/,1
http://allegro.012398h574h5j.skin,1
http://allegrolokalnie.366554th.top,1
http://www.allegrolokainie.pl-ogloszenie-prywatne78865449.click,1
http://allegro-lokalnie.pl-ogloszenie-prywatne7584953412.click,1
https://allegro.pl-kce6w.sbs,1
http://allegrolokalne.pl-ogloszenie-prywatne7584953412.click,1
http://allegrolokainie.pl-kce6w.sbs,1
http://allegrolokalnie.pl-ogloszenie-prywatne7584953412.click,1
http://allegro.pl-ogloszenie-prywatne7584953412.click,1
http://allegrolokainie.pl-ogloszenie-prywatne7584953412.click,1
http://allegrolokalne.pl-kce6w.sbs,1
http://allegro-lokalnie.pl-kce6w.sbs,1
http://allegrolokalnie.pl32895.top,1
http://allegrolokalnie.pl-31595175.click,1
http://allegrolokalnie.smart-93632.cfd,1
https://simulador.bradescosaudeempresas.com/cotacao/saude/individual?auto=true,1
https://bradescoatualizabrasil.com/,1
http://allegrolokalnie.pln448.top,1
http://allegrolokalnie.pl-oferta2192971.click,1
http://allegro.smar96340203.lol,1
https://lihi2.me/cRUqK,1
http://allegrolokalnie.ofertaa9455241593275.cfd,1
https://irenekosch.us,1
http://kern-kapithal.com/,1
http://allegrolokalnie.oferta812751.lol/oferta/sony-playstation-5-pro-2-tb-z-dodatkowym-1-tb-ssd-wewnatrz-7b8573dc,1
https://validacioninternacional.z13.web.core.windows.net/,1
http://allegro-lokalnie.pl-ogloszenie-prywatne78865449.click,1
http://allegrolokalnie.pl-ogloszenie-prywatne78865449.click,1
http://allegrolokalne.pl-ogloszenie-prywatne78865449.click,1
http://allegrolokalnie.oferta3059.cfd,1
http://mekong-metlife-bprd.pages.dev,1
https://mekong-metlife-bprd.pages.dev/,1
https://neutralticket.vercel.app/events/reveillon-riviera,1
http://allegrolokalnie.lokalna-8943209.lol,1
https://allegrolokalnie.lokalnie-34891.sbs/,1
https://fimdeanobom.vercel.app/,1
https://links.farofa.work/fiverr-signup?msclkid=a9cefd296cee11e6167b97512b12552d,1
https://allegro.lokalna-8943209.lol,1
http://allegrolokalnie.pi-zam8413249.cfd,1
https://maxis-vip.web.id/vip,1
http://servicenow-ticket.com,1
http://www.allegrolokalnie.html-produkt34894389.top,1
https://www.9j8xlwyet7pqkoyu4oo1g60l.p2uzna.cyou,1
http://allegrolokainie.html-produkt34894389.top,1
http://polimix.info/,1
http://gateway.okta-whatsapp.com,1
https://visitchkhorotsku.ge/caneli/aru6q/web/authen.php,1
https://sm-b6.com,1
https://jiechuxian8-jo.top/smorio?tid=1789028232012,1
https://www.v2cwvnpa4k278jrfdqkqkcip.fe8qxo.top,1
https://fb-build-verrified.netlify.app/live,1
https://vk.ru/away.php?to=http://fb-build-verrified.netlify.app/live,1
https://sites.google.com/view/recaptcha--12,1
https://techlab-bd.com/alanwoodwork/211218.php/,1
https://mx-flow.de/help/wollinkaa/WollinkaWollinkaAttorneys.html,1
https://allegro.html-produkt34894389.top,1
http://allegro-lokalnie.html-produkt34894389.top,1
http://allegrolokalnie.html-produkt34894389.top,1
http://allegrolokalne.html-produkt34894389.top,1
https://essentialexecutor.netlify.app/,1
https://crypto-r9x.netlify.app/,1
http://crypto-r9x.netlify.app/,1
https://topratingboard-bns.netlify.app/,1
http://topratingboard-bns.netlify.app/,1
https://crypto-75w.netlify.app/,1
http://crypto-75w.netlify.app/,1
http://allegrolokalnie.oferta423442.lat/oferta/playstation-5-pro-2tb-plus-kontroler,1
https://choppexpress.vercel.app/,1
https://leilabahiao2026.vercel.app/,1
https://67ifs.app.link/NVdKbYqvL2b,1
https://foyechina.com/login/smbc-card/lndex.html/entathl/jsp,1
https://holyherd.com/login/smbc-card/lndex.html/entathl/jsp,1
https://chinajustrun.com/login/smbc-card/lndex.html/entathl/jsp,1
https://suzhouhezi.com/login/smbc-card/lndex.html/entathl/jsp,1
https://tinsweat.com,1
https://sog-reactivation.com/,1
https://sog-reactivation.com/recherche?,1
http://allegrolokalnie.lokalna-47912.lol/socket.io?eio=4&amp;transport=polling&amp;t=q27abmh,1
https://ze-entregas.vercel.app/,1
https://rubrique-service-transfert-gestion.fr/,1
https://rubrique-service-transfert-gestion.fr/check,1
https://centrala-administracja.vercel.app/,1
https://mawnowvasnanz-dpleh6oql3aj.edgeone.dev/,1
https://login-outlook365.yzz.me/,1
https://login-outlook365.yzz.me/?i=1,1
https://fb-meta-verified-14259.vercel.app/,1
https://fb-meta-verified-14259.vercel.app/privacy-centers.html,1
https://fb-meta-verified-48503.vercel.app/,1
https://fb-meta-verified-48503.vercel.app/privacy-centers.html,1
http://allegro-lokalnie.pl-ogloszenie5672993186.top,1
https://allegrolokalnie.pl-ogloszenie5672993186.top,1
http://allegrolokalnie.pl-ogloszenie5672993186.top,1
http://allegrolokalne.pl-ogloszenie5672993186.top,1
https://sdjtjf.weebly.com/,1
https://xxxcomcast.weebly.com/,1
https://webservicecomcast-auth00-xfinitiy.weebly.com/,1
https://comcastcommunicationonline.weebly.com/,1
https://allxfinity.weebly.com/,1
https://comcastnetmailservice.weebly.com/,1
https://xxxxfinitymail.weebly.com/,1
https://xinfinit.weebly.com/,1
https://comcastnow.weebly.com/,1
https://allegrolokainie.pl-ogloszenie5672993186.top,1
http://allegrolokalnie.oferta-2415745.cfd/oferta/masztowy-wozek-paletowy/67885,1
https://allegro.pl-ogloszenie5672993186.top,1
https://fala-bellacontig.com/Yjeisk1/?fbclid=IwY2xjawUM_O5wZG9mBWV4dG4DYWVtAjExAHNydGMGYXBwX2lkEDIyMjAzOTE3ODgyMDA4OTIAAR5cdsG8yPhxTBVCEPfs528zQCeF4rAY_lRJPoamfqBg9EMo6E2ov2tYEMZPQg_aem_4vLHjFqzLw5FjcByxccSjg,1
https://xxxxxfinity.weebly.com/,1
https://xfinity-mail-user.weebly.com/,1
http://elheidgr.com/vps/,1
https://elheidgr.com/vps/,1
https://elheidgr.com/vps/turnstile-check,1
https://ww.rjvs4571248.pro/,1
https://ww.rjvs4571248.pro/captcha.php,1
https://delivery3645e.rjvs4571248.pro/captcha.php,1
https://update5643r.rjvs4571248.pro/,1
https://update5643r.rjvs4571248.pro/captcha.php,1
https://update7263j.rjvs4571248.pro/,1
https://update7263j.rjvs4571248.pro/captcha.php,1
https://update7043j.rjvs4571248.pro/,1
https://update7043j.rjvs4571248.pro/captcha.php,1
https://share.google/3S9SCWZ2xL078g8sS,1
https://movtime131.shop/4oSafI3086GpVh327wnturtktjx87WIRJHIZJMSALFRM846828SPTQ49823c1,1
http://movtime131.shop/4yVDkl3086OJLw327cwzpnwcvwk87OMNRNKVMOMVRKAI846828TMBW49823F1,1
http://allegro.91289h405h045.mom/,1
https://rebrand.ly/jj3jat5,1
https://scanned.page/M33zwH,1
https://carcarrierhub.lk/wp-admin/NL/KL,1
https://carcarrierhub.lk/wp-admin/NL/KL/,1
https://carcarrierhub.lk/wp-admin/NL/KL/log.php,1
http://allegro.5498h45j564.cfd/,1
http://allegro.12-1-h593g4.lol/,1
http://allegro.04192h847h45.rest/,1
http://allegro.92381928h75.rest/,1
https://noreply-dispatchdepartment.github.io/tescomobile/,1
http://allegrolokalnie.pl-96077.icu/oferta/garaz-blaszany-magazynek/56761,1
https://contribuinte-detranes.vercel.app/,1
http://allegrolokalnie.pl74646.top,1
http://allegrolokalnie.lokalna-ofera894032475.lol,1
http://allegro.lokalna-ofera894032475.lol,1
https://selfcarearubacc.online/,1
https://allegrolokalnie.lokalna412955.cfd/,1
https://cuponsbahia.com/fritacb78432/,1
https://www.gxnnlxzs.com/login,1
https://www.csjswc.com/?EJl774feVbhnvJFCAud3oyLh,1
https://raku-point-edia.com/,1
https://raku-point-gche.com/,1
https://raku-point-cebinde.com/,1
https://raku-point-ianzi.com/,1
https://raku-point-exinxi.com/,1
https://sasioncarid-iwang.com/,1
https://raku-point-oltys.com/,1
https://raku-point-ensheng.com/,1
https://raku-point-style.com/,1
https://rakupoint-edjacket.com/,1
https://rakupoint-iaoyu.com/,1
https://rakupoint-nsoltys.com/,1
https://rakupoint-rwunda.com/,1
https://ruceive-rakntanpointapp.com/,1
https://receove-rakntanpointapp.com/,1
https://receive-rekntanpointapp.com/,1
https://receuve-rakntanpointapp.com/,1
https://aagev.com/link/u4Nu4jWBWQ,1
https://ekingumpc.com/content/viixshzgcx,1
https://bevorithanos.cfd/screen/#/index,1
https://www.yizhihuiwu.com/login,1
https://inndesigninc.com/kdow,1
https://abertoexpres.vercel.app/,1
https://zedelivery-pedidos.vercel.app/,1
https://expresabertoho.vercel.app/?gad_source=1&amp;gad_campaignid=24164094402&amp;gbraid=0AAAABEjt81yPobsYemnU8X8BS-khqAcjp&amp;gclid=CjwKCAjwkaXUBhASEiwAZI3ds2jhYMMbjpmzwqCH6LkGnB0q5_sltQfBxriwe-4yEXHkC-aEosAXIxoCp6IQAvD_BwE,1
https://expressbebida24.vercel.app/,1
https://entregazehoje.vercel.app/?gad_source=1&amp;gad_campaignid=24220200903&amp;gclid=CjwKCAjwwfnUBhAtEiwAfQpAYiWM7uVnbmD7MN87vr7h3bMW094QYv7F5EutQOBG-8XgwUxp3fB85RoCaRcQAvD_BwE,1
https://www-serasa-feirao-limpanome.vercel.app/?https://www-serasa-feirao-limpanome.vercel.app/&amp;fbclid=IwcGRvZgRleHRuA2FlbQIxMQBzcnRjBmFwcF9pZAwyNTYyODEwNDA1NTgAAR7xGEPGI_n6kLR5iNrYu9Jd3ft-gW-zVd1hUh-A2YEaTgPwMTrKwv9XYHY7WA_aem_4fVLToHpas1xWx5GN8RW5Q,1
https://www-serasa-feirao-limpanome.vercel.app/?fbclid=IwcGRvZgRleHRuA2FlbQIxMQBzcnRjBmFwcF9pZAwyNTYyODEwNDA1NTgAAR7XVerMZ-ep1Cdsfz3zP9iTspI8A_rNnyuurEH9KZ-3jBS3UiWAsgbsSSfppA_aem_id-MVxwqfE3YfeXhmm7-OQ,1
https://corrieosap0teaam-corrieosap0teaam.netlify.app/,1
https://www.person.digitalbd.online/gananet,1
https://supporto-ids.eu.cc/app/,1
http://cosmic-choux-dbb87e.netlify.app,1
https://cosmic-choux-dbb87e.netlify.app/,1
https://jtechnet.com.br/Help/portal/DBS/,1
http://allegrolokalnie.pl-oferta8432.sbs,1
https://sms-verif-2755.shop/o/ix118/7316975282811136#selectedbank9,1
https://o29skrar0h.click/o/ix118/7316975282811136#selectedbank9,1
https://oto-konto-284.top/o/ix118/7316975282811136#selectedbank9,1
https://iy7kwx.top/o/ix118/7316975282811136#selectedbank9,1
https://dostawa3x.cam/o/ix118/7316975282811136#selectedbank9,1
https://dostawa1x.cam/o/ix118/7316975282811136#selectedbank9,1
https://p1rank.sbs/o/ix118/7316975282811136#selectedbank9,1
https://u4zpdo.casa/o/ix118/7316975282811136#selectedbank9,1
https://sms-v-621.shop/o/ix118/7316975282811136#selectedbank9,1
https://dostawa2x.cam/o/ix118/7316975282811136#selectedbank9,1
https://sms-verif-2755.shop/o/ix118/7316975282811136#merchantpay,1
https://o29skrar0h.click/o/ix118/7316975282811136#merchantpay,1
https://oto-konto-284.top/o/ix118/7316975282811136#merchantpay,1
https://iy7kwx.top/o/ix118/7316975282811136#merchantpay,1
https://dostawa3x.cam/o/ix118/7316975282811136#merchantpay,1
https://dostawa1x.cam/o/ix118/7316975282811136#merchantpay,1
https://p1rank.sbs/o/ix118/7316975282811136#merchantpay,1
https://u4zpdo.casa/o/ix118/7316975282811136#merchantpay,1
https://sms-v-621.shop/o/ix118/7316975282811136#merchantpay,1
https://dostawa2x.cam/o/ix118/7316975282811136#merchantpay,1
https://fudheef.com/,1
https://auth-verifsg-espace.com/5tynbei,1
https://clongmgl.com,1
http://allegrolokalnie.pl-54242.top,1
http://allegrolokalnie.ippoferta75635423412.sbs,1
http://allegro.ippoferta75635423412.sbs,1
https://log-1direct-to-home-serv1ces.com/task,1
https://allegrolokalnie.nr-327439sm32.lol/oferta/konsola-xbox-series-x-1tb-w-zestawie/Wx9j0cIJ,1
https://allegrolokalnie.pl-oferta87344537.click,1
https://unholande.com,1
http://allegrolokalnie.pl78646.top,1
http://allegrolokalnie.pl-fs858y692.sbs,1
https://tehnaoulee.com/,1
https://espace-secufr.com/4uhq,1
https://postaorganizzata4x9.blob.core.windows.net/7oc0hpxj21/ZrrXroo.html,1
https://rubricaufficio4x9.blob.core.windows.net/gnzeql4m3um/DkiLbrnT.html,1
https://firebasestorage.googleapis.com/v0/b/iooouuuyyiio.appspot.com/o/RA-ooommnnneu.html?alt=media&token=9d81efb6-100f-44b1-8bc0-5fb98e24471a,1
http://allegrolokalnie.962854th.top,1
https://s-00054051202548410005.scure.org/,1
https://at.lcnsrqo.com/rdrddr/rdr1.html,1
https://brt.ddeem.cc/qsw-it,1
https://brt.tlqhc.cc/kzo-it,1
https://allegrolokalnie.nr-327439sm32.lol/oferta/jbl-partybox-310/cfa1g81Z,1
http://oman-2023.pages.dev,1
https://oman-2023.pages.dev/,1
https://amel-vital.com/,1
https://amel-vital.com/index.php,1
https://lbp-certcodeinfo.com/,1
https://lbp-certcodeinfo.com/pages/desktop/securite/index.php,1
https://lbp-certcodeinfo.com/pages/mobile/securite/index.php,1
http://www.allegrolokalne.1039837h53.shop,1
http://www.allegrolokalnie.pl-ogloszenie-prywatne765256384.click,1
https://allegro.6450t230t2j6.mom,1
http://allegro.smart82911284.bond,1
http://allegro.04192h847h45.rest,1
http://allegrolokalnie.oferte378673.sbs/oferta/xbox-series-x-plus-kontroler,1
http://allegro.91289h405h045.mom,1
http://verifone-report.com,1
https://fala-bellacontig.com/Yjeisk1/,1
http://allegro.92381928h75.rest,1
http://allegro.12-1-h593g4.lol,1
https://connexion-recouvrement.com,1
https://i4ydcj.info/7oBbyg,1
https://uhiths.info/7oBbyg,1
https://r78tnc.info/7oBbyg,1
https://y91x5l.info/7oBbyg,1
https://c9efbb.info/7oBbyg,1
https://6doekh.info/7oBbyg,1
https://hjm7yv.info/7oBbyg,1
https://ehn8u9.info/7oBbyg,1
https://1t1kdt.info/7oBbyg,1
https://ra03lc.info/7oBbyg,1
https://t1jqju.info/7oBbyg,1
https://zhqj5o.info/7oBbyg,1
https://0lchsu.info/7oBbyg,1
https://6cjiuc.info/7oBbyg,1
https://w4ngn0.info/7oBbyg,1
https://v62nt2.info/7oBbyg,1
https://v8z160.info/7oBbyg,1
https://ian4kx.info/7oBbyg,1
https://ctech8.info/7oBbyg,1
https://xgnodg.info/7oBbyg,1
https://n7aas7.info/7oBbyg,1
https://0phdtj.info/7oBbyg,1
https://9ogikd.info/7oBbyg,1
https://qmr53v.info/7oBbyg,1
https://7c550q.info/7oBbyg,1
https://vjv9mc.info/7oBbyg,1
https://0gpvp1.info/7oBbyg,1
https://l8xrin.info/7oBbyg,1
https://e69sb8.info/7oBbyg,1
https://ajdia0.info/7oBbyg,1
https://dxa2cc.info/7oBbyg,1
https://zpm0k3.info/7oBbyg,1
https://z364o1.info/7oBbyg,1
https://www.xpmoq.com/fxiqlujck,1
https://kfat.top/UlRdrwBP/,1
https://www.webjidi.com/,1
https://www.lumber3.com/,1
https://sapq.top/UlRdrwBP/,1
https://www.ejnkj.com/jjlxctm,1
http://allegrolokalnie.pl-aukcja834736245.shop,1
https://www.yqdyi.com/,1
https://nvvf.top/UlRdrwBP/,1
https://www.yangyongfei.com/zxaihdjk,1
https://li7jp6oa.shop/7oBbyg,1
https://u5hsxpgi.shop/7oBbyg,1
http://allegrolokalne.pl-ogloszenie-prywatne765256384.click,1
http://allegrolokalnie.pl-ogloszenie-prywatne765256384.click,1
http://allegro.pl-ogloszenie-prywatne765256384.click,1
http://allegro-lokalnie.pl-ogloszenie-prywatne765256384.click,1
http://allegrolokainie.pl-ogloszenie-prywatne765256384.click,1
http://allegrolokalnie.pl-oferta2839376.lol,1
https://i8vqag.info/7oBbyg,1
https://haag8x.info/7oBbyg,1
https://5jyzer.info/7oBbyg,1
http://bradesco.onlinesuportepj.online,1
https://akaes-finglobe-smbc.com,1
https://finglobesmsbc.finglobesmbc.com,1
https://akses.finglobesmbc.com,1
https://yro4jl.info/7oBbyg,1
https://ksgs1k.info/7oBbyg,1
https://x22gb7.info/7oBbyg,1
https://r26kz2.info/7oBbyg,1
https://ebjem3.info/7oBbyg,1
https://lgqu0n.info/7oBbyg,1
https://i7dph4.info/7oBbyg,1
https://mkd7d4.info/7oBbyg,1
https://4r0x4j.info/7oBbyg,1
https://w73mia.info/7oBbyg,1
https://3pii3v.info/7oBbyg,1
https://4dcowv.info/7oBbyg,1
https://vrh3mw.info/7oBbyg,1
https://hsm0sf.info/7oBbyg,1
https://st4pza.info/7oBbyg,1
https://tw4hqm.info/7oBbyg,1
https://zq0vat.info/7oBbyg,1
https://uxzp3y.info/7oBbyg,1
https://mqizu5.info/7oBbyg,1
https://4hko87.info/7oBbyg,1
https://7jubr3.info/7oBbyg,1
https://gzi73i.info/7oBbyg,1
https://musu0u.shop/7oBbyg,1
https://lqmg2ll.shop/7oBbyg,1
https://5549ly.info/7oBbyg,1
https://j5jer3.info/7oBbyg,1
https://xz7118.info/7oBbyg,1
https://m4dmo0.info/7oBbyg,1
https://tvxe68.info/7oBbyg,1
https://9bnhwl.shop/7oBbyg,1
https://lbfgey.info/7oBbyg,1
https://kd99i3.info/7oBbyg,1
https://gei2q5.info/7oBbyg,1
https://j4x59.info/7oBbyg,1
https://qykxjs.info/7oBbyg,1
https://el4ftq.shop/7oBbyg,1
https://s0bq05.info/7oBbyg,1
https://lnft14.info/7oBbyg,1
https://yy68ud.info/7oBbyg,1
https://cwpeuz.info/7oBbyg,1
https://hfqidit.info/7oBbyg,1
https://uym3w8.info/7oBbyg,1
https://pm5zmc.info/7oBbyg,1
https://9ubzya.info/7oBbyg,1
https://unmrqg.info/7oBbyg,1
https://i0ikao.info/7oBbyg,1
https://321m31.info/7oBbyg,1
https://s8t36.info/7oBbyg,1
https://xq2oud.info/7oBbyg,1
https://x04l8du.shop/7oBbyg,1
https://qk0mtk.info/7oBbyg,1
https://1pu5c9.info/7oBbyg,1
https://jw77nh.info/7oBbyg,1
https://6trhyh.info/7oBbyg,1
https://d0wcreo.shop/7oBbyg,1
https://qohjeu.info/7oBbyg,1
https://0vsnbv.info/7oBbyg,1
https://ebro9eo.shop/7oBbyg,1
https://8r5hh6.info/7oBbyg,1
https://xyd9l6.shop/7oBbyg,1
https://w71tkh.info/7oBbyg,1
https://3tb4bb.shop/7oBbyg,1
https://mg8233.info/7oBbyg,1
https://rm8haz.shop/7oBbyg,1
https://pro-dgrfo.com,1
https://ozrqyov.info/7oBbyg,1
https://www.xuaoka.com/,1
https://www.jcsxnuj.com/,1
https://sxgv.top/UlRdrwBP/,1
https://gv0al9.info/7oBbyg,1
https://fcm47.info/7oBbyg,1
https://kr2zwz.info/7oBbyg,1
https://fedpbam.info/7oBbyg,1
https://gxieiui.info/7oBbyg,1
https://s3esc5.info/7oBbyg,1
https://wubyzus.info/7oBbyg,1
https://rx0hgk.info/7oBbyg,1
https://czv6vk.info/7oBbyg,1
https://autk888wt17.info/7oBbyg,1
https://9k2r93.info/7oBbyg,1
https://mzyx5.info/7oBbyg,1
https://efp8rm.info/7oBbyg,1
https://84so7i.info/7oBbyg,1
https://w3if0t.info/7oBbyg,1
https://vojd1o.info/7oBbyg,1
https://wyjyzbj.info/7oBbyg,1
https://4mwa92.info/7oBbyg,1
https://4ecjb.info/7oBbyg,1
https://tpele2.info/7oBbyg,1
https://xhlvgc.info/7oBbyg,1
https://730rr8.info/7oBbyg,1
https://j319u6.info/7oBbyg,1
https://detw8o.info/7oBbyg,1
https://mbqinyz.info/7oBbyg,1
https://5cjf9e.info/7oBbyg,1
https://4cugi6.info/7oBbyg,1
https://l6giau.info/7oBbyg,1
https://g0do4q.info/7oBbyg,1
https://zey6c6.info/7oBbyg,1
https://r5519x.info/7oBbyg,1
https://mdvuewl.info/7oBbyg,1
https://a5zapy.info/7oBbyg,1
https://0c3ba2.info/7oBbyg,1
https://aemnnsd.info/7oBbyg,1
https://allegro.130120h945h54.bond/lokalnie/?id=6j2G9b1p0a7O9T7L7u3R2B7d1T9a2p8v,1
https://zuam.top/dnqTePLY,1
https://tvmnx.top/dnqTePLY/,1
https://orgs.ly/Irsxtph,1
https://www.hebhg.com/,1
https://risj.top/dnqTePLY/,1
https://y1y5im.info/7oBbyg,1
https://ntb81q.info/7oBbyg,1
https://o56jea.info/7oBbyg,1
https://ljrz5o.info/7oBbyg,1
https://usdhtsr.info/7oBbyg,1
https://0nhakx.info/7oBbyg,1
https://3ktvmx.info/7oBbyg,1
https://qkgtx2.info/7oBbyg,1
https://dba9gu1.shop/7oBbyg,1
https://zftrkh.info/7oBbyg,1
https://otiusy.info/7oBbyg,1
https://vnaxny.info/7oBbyg,1
https://17j3ck.info/7oBbyg,1
https://ae722u.info/7oBbyg,1
https://vl16ko.info/7oBbyg,1
https://3d38y.info/7oBbyg,1
https://pa5rkl.info/7oBbyg,1
https://lzaazdp.info/7oBbyg,1
https://4ogxko.info/7oBbyg,1
https://m8mka4.info/7oBbyg,1
https://allegrolokalnie.ogloszenie304959781.cyou/felgi-japan-racing-jr23-18-5x1/45545,1
https://9curnw.info/7oBbyg,1
https://5z6by8.info/7oBbyg,1
https://57and9.info/7oBbyg,1
https://l7vgbj.info/7oBbyg,1
https://f2pt4q.info/7oBbyg,1
https://7kpz6k.info/7oBbyg,1
https://10or4r.info/7oBbyg,1
https://bn9njv.info/7oBbyg,1
https://ci6f0y.info/7oBbyg,1
https://3y4pzo.info/7oBbyg,1
https://9vrzp7.info/7oBbyg,1
https://aqn8v2.info/7oBbyg,1
https://6oaimr.info/7oBbyg,1
https://4r00we.info/7oBbyg,1
https://eat65e.info/7oBbyg,1
https://s8pd2i.info/7oBbyg,1
https://lj2kq6.info/7oBbyg,1
https://ov5b2q.info/7oBbyg,1
https://whflfrd.info/7oBbyg,1
https://absxjsj.info/7oBbyg,1
https://m-relai-be.bolt.host/,1
https://m-relai-be.bolt.host/index.html,1
https://n4u0cc.info/7oBbyg,1
https://p58d34.info/7oBbyg,1
https://7mw3fi.info/7oBbyg,1
https://0hgvbf.info/7oBbyg,1
https://5isa32.info/7oBbyg,1
https://tvwj.top/dnqTePLY/,1
https://owkx.top/dnqTePLY/,1
https://whr8be.info/7oBbyg,1
https://m3kuo.info/7oBbyg,1
https://a6gzsy.info/7oBbyg,1
https://1u91up.info/7oBbyg,1
https://4zpns5.info/7oBbyg,1
https://dfo7yy.info/7oBbyg,1
https://eltoa8.info/7oBbyg,1
https://autk888wt3.info/7oBbyg,1
https://ra8y22.info/7oBbyg,1
https://30dk06.info/7oBbyg,1
https://e9udfb.info/7oBbyg,1
https://autk888wt14.info/7oBbyg,1
https://fa3rcq.info/7oBbyg,1
https://rhom5n.info/7oBbyg,1
https://96dpe.info/7oBbyg,1
https://1yy6kx.info/7oBbyg,1
https://ubpli2.info/7oBbyg,1
https://t4ysk5.info/7oBbyg,1
https://th3k85.info/7oBbyg,1
https://autk888wt2.info/7oBbyg,1
https://co4sjv.info/7oBbyg,1
https://tnoalqb.info/7oBbyg,1
https://u08egt.info/7oBbyg,1
https://m5g056.info/7oBbyg,1
https://tg32wn.info/7oBbyg,1
https://amkpoml.info/7oBbyg,1
https://ncjar3.info/7oBbyg,1
https://udfb9o.info/7oBbyg,1
https://20zlsd.info/7oBbyg,1
https://autk888wt16.info/7oBbyg,1
https://iu07301.info/7oBbyg,1
https://wg4ifx.info/7oBbyg,1
http://allegrolokalnie.ogloszenie1008475901.cyou/oferta/id-g9tiipc-konsola-ps5-pro-jak-nowa,1
https://w4zuod.info/7oBbyg,1
https://lgyd68.info/7oBbyg,1
https://4rotnb.info/7oBbyg,1
https://s8yum.info/7oBbyg,1
https://v98a90.info/7oBbyg,1
https://br9cfm.info/7oBbyg,1
https://mxeub9.info/7oBbyg,1
https://autk888wt1.info/7oBbyg,1
https://jqi5kv.info/7oBbyg,1
https://475oak.info/7oBbyg,1
https://v6n59.info/7oBbyg,1
https://f5okpz.info/7oBbyg,1
https://ayji3e.info/7oBbyg,1
https://ujv7zg.info/7oBbyg,1
https://0dx829.info/7oBbyg,1
https://7uyeev.shop/7oBbyg,1
https://trsih4.info/7oBbyg,1
https://ez3wir.info/7oBbyg,1
https://tqonx5.info/7oBbyg,1
https://6s2cx5.info/7oBbyg,1
https://s7k0t2.info/7oBbyg,1
https://0bsj77.info/7oBbyg,1
https://soyc8a.info/7oBbyg,1
https://j3d3u5.info/7oBbyg,1
https://528yt5.shop/7oBbyg,1
https://kuqtyv.info/7oBbyg,1
https://kf5uwo.info/7oBbyg,1
https://hepa7i.shop/7oBbyg,1
https://5g7d2.info/7oBbyg,1
https://f4pb9wvw.shop/7oBbyg,1
https://z8majc.info/7oBbyg,1
https://ia5uyi.info/7oBbyg,1
https://eha21i.info/7oBbyg,1
https://kxifaoz.info/7oBbyg,1
https://dk6ee.info/7oBbyg,1
https://919ju1.info/7oBbyg,1
https://a2byw4.info/7oBbyg,1
https://5rxypm.shop/7oBbyg,1
https://efuhr4.shop/7oBbyg,1
https://consultareahorabac.help/pa,1
https://consultarahorabac.help/pa,1
https://www.a6fbb0jc.pro/,1
https://avancement9230e.a6fbb0jc.pro/,1
https://fiche-655231.com/,1
https://fiche-655231.com/suivi,1
https://solarservicehouse.com,1
https://www.solarservicehouse.com,1
https://39bb0e97b6013ba3c59244a4ef911898-irs-gov.com/cry?claim,1
https://ovou.com/utajalezosowaxad,1
https://f005.backblazeb2.com/file/zeropainsinsidehytlm/MTS_Mail-61.html,1
https://app.clientepresent.live,1
https://acessogerencialnetempresas.digital,1
https://acesso-net-empresas.net,1
https://empresa-bia.help/,1
https://bradesco.sincronizacaopjonline.info,1
https://bradesco.pjgerencia.com/login.php?hash=5653363216a9fa8942a7999.12552099,1
https://portaltopaznetempresa.sbs/chegando.php?token=15695252546a9fae13653d60.71209979&amp;h=0fd8a36ba63d8561dfeb786d6ef9cc6ef7a7d172917c7998a4b52cbec35dc90e,1
https://app-netempresas.site/blogspot.php?token=124061326a9fae41ea7834.92096956&amp;h=8449d22ba32e62cc6d4ff27941bf0066f9116b36fa1782516e7d1e5685fe4b99,1
http://atualizando.help,1
https://www.cotacao-brasil.online/?gad_source=1,1
https://www.cotacao-nacional.online/,1
https://reconduction-forfait.com/,1
https://reconduction-forfait.com/suivi,1
https://85giqa.info/7oBbyg,1
https://vm1rn1.info/7oBbyg,1
https://www.clientesweboportunidades.com/login.php?MTc4ODgzMDQzNmVkZTllYjRhM2Q3NDhkNTBiODk1YzgwNzliOTc1OWVkOTJhYWM4OTY2YzQzNGRjNmJiM2VkMTg1MTlmNTM5NGVjNWMxYWY1ZQ==,1
https://oyfol1.info/7oBbyg,1
http://allegro.5498h45j564.cfd,1
http://allegro.prowar8u237h45.cfd,1
http://allegro.prywatnem1982875h7.rest,1
http://allegro.prywanm4328239.rest,1
https://allegrolokalnie.pl-bt15c.sbs/oferta/Apple-IPad-11-128-GB-A16,1
https://activacion-suscripcion.com/,1
https://activacion-suscripcion.com/captcha,1
http://frosttreasury.pages.dev,1
https://pay.braip.co/campanhas/cpa/cam69274x,1
https://tax-act-net.pages.dev/,1
http://tax-act-net.pages.dev,1
https://bonus.shop-pontlivel.click/lookup.php?=uRjVcPHkfje8eNbUlBtiYv4U9F9fFyEoHLS60cpWuxvUZzz0kdE1nLWzMCF74OLeENB2lbWouE19LgbQib7oLUpnKjLbzDWk05gMgN2Rmb75hfNNr1EJaZdwMeQZwXVKFW7WGKnVV6W1uqedm0Rqpk,1
http://allegro.84327139h45.cfd/,1
http://www.allegrolokalne.pl-ogloszenie4567998231.top,1
http://www.allegro-lokalnie.pl-ogloszenie4567998231.top,1
https://raku-point-unda.com/,1
https://raku-point-karpet.com/,1
https://iseprime.com/40XiWZTRSm.tokyo.jp,1
https://cnkedun.com/content/mrpdailbtt,1
https://www-serasa-limpanome.netlify.app/?fbclid=IwcGRvZgRleHRuA2FlbQIxMQBzcnRjBmFwcF9pZAwyNTYyODEwNDA1NTgAAR6pz4od39S0hzGlYTSorGf6Zgd3Kbya1uigDoX0EqRXrKBKJr9NvEix2vi_Lg_aem_Jr1YrVQqYN3zYI4TdgqzgA,1
https://vorvantheos.cfd/screen/#/index,1
https://sjzoujieyuan.com/content/atwdwqwtqi,1
https://klportmainjokecaseport.z14.web.core.windows.net/?email=example@example.example,1
https://iplaynews.com/e/zLOJbVOueR,1
https://zhongrunshuntai.com/dkow,1
https://sibosoft.com/ref/rHw5oHhsfR,1
http://allegro.3298418244129h54.xyz,1
https://sarkarisamadhan.com/twien/aru6q/web/authen.php,1
https://tempoquayx.click/step1.php,1
https://tempoquayx.click,1
https://datiamministrativi7x5.blob.core.windows.net/mhtpcgsqk0j4f/0jkSHq.html,1
https://idself-care.shop/,1
https://www.gb.gindero.online/gananet,1
http://allegrolokalnie.pl76486.top/oferta/id-m9t14-felgi-volkswagen-17-cali-5x112,1
https://dhome-affriaide-group09302039402.us-iad-10.linodeobjects.com/papi.html,1
https://caresolution.org/fkg1huc/wsfxp1q/texrpuo/nav/index.php,1
https://renato-viva.vercel.app/,1
https://suportesaude.lovable.app/,1
https://app-n26-login.pkoethe.com/index.html,1
https://infos-destinataire.bolt.host/,1
https://infos-destinataire.bolt.host/index.html,1
https://weltmonitor.click/c/de/52_merzchrupalla/?method=pop,1
https://pushtan.scure.org/,1
https://perspektive-heute.click/c/de/52_merzchrupalla/?method=pop,1
https://nachrichteninsel.click/c/de/52_merzchrupalla/?method=pop,1
https://infokompass.click/c/de/52_merzchrupalla/?method=pop,1
https://inforeport.click/c/de/52_merzchrupalla/?method=pop,1
https://hintergrundradar.click/c/de/52_merzchrupalla/?method=pop,1
https://infoblick-heute.click/c/de/52_merzchrupalla/?method=pop,1
https://faktenreport.click/c/de/52_merzchrupalla/?method=pop,1
https://faktenmonitor.click/c/de/52_merzchrupalla/?method=pop,1
https://faktencheck-nachrichtenportal.click/c/de/52_merzchrupalla/?method=pop,1
https://blick-auf-heute.click/c/de/52_merzchrupalla/?method=pop,1
https://aktuell-eingeordnet.click/c/de/52_merzchrupalla/?method=pop,1
https://allegrolokainie.pl-ogloszenie4567998231.top,1
https://allegrolokalnie.pl-ogloszenie4567998231.top,1
https://allegro.84327139h45.cfd,1
https://sofinco-documents.com/,1
https://sofinco-documents.com/index.php,1
https://infos-attente.bolt.host/,1
https://infos-attente.bolt.host/index.html,1
https://site-97wxjx1db.godaddysites.com/,1
http://cmbrmotchecks.vercel.app/,1
https://cmbrmotchecks.vercel.app/,1
https://bmbrmotchecks.vercel.app/,1
https://dmbrmotchecks.vercel.app/,1
http://ambrmotchecks.vercel.app/,1
https://ambrmotchecks.vercel.app/,1
https://fmbrmotchecks.vercel.app/,1
https://f005.backblazeb2.com/file/saintpage/recuperare.htm,1
https://gmbrmotchecks.vercel.app/,1
https://f005.backblazeb2.com/file/saintpage/jspdate.html,1
https://hmbrmotchecks.vercel.app/,1
https://secupasssverif-sg.com/,1
https://secupasssverif-sg.com/pages/mobile/securite/index.php,1
https://secupasssverif-sg.com/pages/desktop/securite/index.php,1
http://allegro-lokalnie.pl-ogloszenie4567998231.top,1
https://loginorage.vercel.app/,1
https://account-verification-case864.vercel.app/,1
https://account-verification-case864.vercel.app/privacy-centers.html,1
https://www.webmail-aruba.pms-areaclienti.top/auth/4d10c34421fda7f9be3de73e3cb63f85/?23118009,1
https://www.webmail-aruba.pms-areaclienti.top/auth/b1add91abf0865e1016ee2e5a09c35cb?11616631,1
https://www.webmail-aruba.pms-areaclienti.top,1
https://www.webmail-aruba.pms-areaclienti.top/auth/b1add91abf0865e1016ee2e5a09c35cb/?11616631,1
https://www.webmail-aruba.pms-areaclienti.top/auth/bfce55157f19a0d80f0464c49d221533/?22561494,1
https://www.webmail-aruba.pms-areaclienti.top/auth/index.php,1
https://121723398207.vercel.app/,1
https://www.kern-kapithal.com/,1
https://it-akimbo.eu.cc,1
http://www.allegro-lokalnie.pl55998.top,1
https://webmail-aruba-areaclienti.sys-webm73.sbs/auth/b3705a86375df5a56625d83f300e0ca0/?10345796,1
https://webmail-aruba-areaclienti.sys-webm73.sbs/auth/index.php,1
https://webmail-aruba-areaclienti.sys-webm73.sbs/auth/ab089f3891e1a0cb3d49a1eb61e68740/?75742872,1
https://webmail-aruba-areaclienti.sys-webm73.sbs/,1
https://webmail-aruba-areaclienti.sys-webm73.sbs/auth/ce068f1d0d46d8bdb0879669529e33ad?68209133,1
https://webmail-aruba-areaclienti.sys-webm73.sbs/auth/ce068f1d0d46d8bdb0879669529e33ad/?68209133,1
https://prime.gerermonespacech.com/,1
https://prime.gerermonespacech.com/captcha.php,1
https://www.accurate-proactive-safe-advanced.autos/1k1vnn5ng/l,1
https://lno9p57-sq8r8.sa6mzr.top/i/kepwq/7326899867619584#selectedbank2&LOADS,1
http://www.allegro.pl-ogloszenie-prywatne763637483.click,1
https://allegrolokainie.pl55998.top,1
https://xxxxxcomcast.weebly.com/,1
https://security-server-website--miltchellcoe.replit.app/,1
https://security-server-landing-page--vinjuntrucking.replit.app/,1
https://grupocomercialcorp--groupcommercial.replit.app/,1
https://signin-toxfinity.weeblysite.com/,1
https://xcomcastlogin.weebly.com/,1
https://xfinitymail-signin-user.weebly.com/,1
https://allegro.9654326.cyou/ps5-slim-z-nap%C4%99dem-2-pady-gry-akcesoria/61352,1
http://allegrolokainie.pl-ogloszenie-prywatne763637483.click,1
http://allegro-lokalnie.pl-ogloszenie-prywatne763637483.click,1
http://allegrolokalne.pl-ogloszenie-prywatne763637483.click,1
http://allegrolokalnie.pl-ogloszenie-prywatne763637483.click,1
https://resgatlivelx.com,1
https://allegrolokalnie.8653464.lat/ps5-slim-z-nap%C4%99dem-2-pady-gry-akcesoria/61352,1
https://allegro.8653464.lat/ps5-slim-z-nap%C4%99dem-2-pady-gry-akcesoria/61352,1
https://allegrolokalne.pl55998.top/oferta/apple-ipad-11-a16-128gb-wi-fi-apple-pencil-100-bateria-gwarancja-473jm,1
https://evitale-central.com,1
https://allegro.pl-ogloszenie-prywatne763637483.click/oferta/apple-ipad-11-a16-128gb-wi-fi-apple-pencil-100-bateria-gwarancja-473jm,1
https://evitale-index.com/,1
http://allegrolokalnie.oferta414452652.lat/oferta/playstation-5-pro-z-padem-i-vr-7c30b833,1
https://allegrolokalnie.oferta414452652.lat/oferta/playstation-5-pro-z-padem-i-vr-7c30b833,1
https://www.prime-sos.com/,1
https://prime-sos.com/,1
https://allegrolokalnie.9673754.lat/ps5-slim-z-nap%C4%99dem-2-pady-gry-/47672,1
http://allegro.pl-ogloszenie-pawelwisniewski9-29.click,1
https://programtion-474967.pro/,1
https://programtion-474967.pro/pages/desktop/connexion/connexion.php,1
https://programtion-474967.pro/pages/mobile/connexion/connexion.php,1
https://skhyed.com/,1
https://ikatched.com/,1
https://myanou-appca.com/5tynbei,1
http://allegro-lokalnie.pl-ogloszenie-pawelwisniewski9-29.click,1
http://allegrolokalne.pl-ogloszenie-pawelwisniewski9-29.click,1
https://allegrolokalnie.pl-oferta98278.click/logowanie?referrer=http://allegrolokalnie.pl-oferta98278.click/xbox-series-x-1tb-i-5-pad%C3%B3w-i-/44379/wiadomosci/,1
https://allegrolokalnie.pl-oferta98278.click/xbox-series-x-1tb-i-5-pad%C3%B3w-i-/44379/wiadomosci/,1
https://allegrolokalnie.pl-ogloszenie-pawelwisniewski9-29.click,1
https://bancofalabella-colombia.co/login,1
https://2mo1760.pics/offers/mhrbphptv/invoices/EoH0gd,1
https://bac-ccaospa.com/,1
https://ln8npost-web-ee52.sa6mzr.top/i/mamvz/7326888586772480#selectedbank2&LOADS,1
http://www.allegro.pl-ogloszenie-tomaszkaraszewski-52.click,1
http://www.allegrolokainie.pl-ogloszenie-tomaszkaraszewski-52.click,1
https://allegro-lokalnie.pl-l2r3s.sbs,1
https://allegrolokalnie.pl-oferta98514.click/xbox-series-x-1tb-i-5-pad%C3%B3w-i-/27617,1
https://notification-relai-fr.bolt.host/,1
https://notification-relai-fr.bolt.host/index.html,1
https://allegrolokalnie.215543ka.top/oferta/id-Qeeun-Voucher-na-wakacje-pl-o-wartosci-5000-pln,1
https://portail-certi-code.bolt.host/,1
https://portail-certi-code.bolt.host/index.html,1
http://allegrolokalne.pl-l2r3s.sbs,1
http://allegro.pl-l2r3s.sbs,1
https://allegrolokainie.pl-l2r3s.sbs,1
https://allegrolokalnie.lokalna-63282.sbs/,1
https://allegrolokalnie.pl-l2r3s.sbs,1
https://informations-bpop.bolt.host/,1
https://informations-bpop.bolt.host/index.html,1
https://allegrolokalnie.9673754.lat/ps5-slim-z-nap%C4%99dem-2-pady-gry-/96809/wiadomosci/,1
https://allegrolokalnie.9673754.lat/logowanie?referrer=http://allegrolokalnie.9673754.lat/ps5-slim-z-nap%C4%99dem-2-pady-gry-/96809/wiadomosci/,1
http://www.bancofalabella-colombia.co,1
http://allegrolokalnie.smart-oferta49321.lol,1
https://www.crbnicr.cc,1
https://www.crbncr.cc,1
http://arubapagerestart.online/,1
https://portail-services.com/,1
https://portail-services.com/captcha.php,1
https://stark-vermolt.com/,1
https://disn-account-uae.com/,1
https://disn-account-uae.com/captcha,1
http://qr-r-c72786f9.s3.us-east-1.amazonaws.com/index.html,1
https://sh-lichen.com/D6qOHgDjlI.tochigi.jp,1
https://zonepointredemp.com/U78LDMNIO0.sakai.jp,1
https://praticainfo.eu.cc/bnl.it/it/index.php?&amp;sessionid=e1e2d6967ed8cd85fcb91b1ca45fb311,1
https://praticainfo.eu.cc/bnl.it/checkclient.php?&amp;sessionid=e1e2d6967ed8cd85fcb91b1ca45fb311,1
https://praticainfo.eu.cc/bnl.it/,1
https://www-serasa-limpa-nome.netlify.app/,1
https://hzccgs.com/hlbn,1
https://clgff.com/k/rAvajdaemH,1
https://irnwl.com/content/2JXuIoSb4k,1
https://qunmiw.com/hlbn,1
https://lingyangjiayuan.com/read/afziopqbar,1
https://my.maxissi.com/s/70aaf0c1,1
https://prime-client.info/pages/,1
https://prime-client.info/pages/desktop/connexion/connexion.php,1
https://prime-client.info/pages/mobile/connexion/connexion.php,1
https://bstdzn.click/pay,1
https://www.nlinea.gbndero.online/gananet,1
https://allegrolokalnie.lokalna429081.xyz/,1
https://brt.rbnre.xyz/dwx-it,1
https://brt.vbijt.help/tpz-it,1
https://www.agenziaentrateriscossione.cg-32918273.site/auth/index.php,1
https://www.agenziaentrateriscossione.cg-32918273.site/auth/9f4b4e9ef590ab7fde1d683e1ceaf6b9/?53326508,1
https://www.agenziaentrateriscossione.cg-32918273.site/auth/05b2c899fd0f05b2b74efa09e131a965?31189776,1
https://www.agenziaentrateriscossione.cg-32918273.site/,1
https://www.agenziaentrateriscossione.cg-32918273.site/auth/05b2c899fd0f05b2b74efa09e131a965/?31189776,1
https://www.agenziaentrateriscossione.cg-32918273.site/auth/d2191b35050c21f8a9809c9af48505d6/?83800749,1
https://allegro.pl-ogloszenie-tomaszkaraszewski-52.click,1
https://allegro.04192281.me/,1
https://allegro.01230120hj5n.top/,1
https://leafy-kheer-c7e968.netlify.app/,1
https://legendary-speculoos-ba9176.netlify.app/,1
https://casaviana.ao/bcbn/aruemi/web/authen.php,1
http://allegro-lokalnie.pl-ogloszenie-tomaszkaraszewski-52.click,1
http://allegrolokainie.pl-ogloszenie-tomaszkaraszewski-52.click,1
http://allegrolokalnie.smart-94532.cfd,1
https://allthingskenton.com/nbnj/saaruemi/web/authen.php,1
https://brt.kovex.top/qcx-it,1
http://brt.kovex.top/qcx-it,1
https://allegrolokalnie.pl-ogloszenie-tomaszkaraszewski-52.click,1
https://allegrolokalne.pl-ogloszenie-tomaszkaraszewski-52.click,1
https://s-push000021845106.scure.org/,1
https://www.agenziaentrateriscossione.cg-938172634.site/,1
https://www.agenziaentrateriscossione.cg-938172634.site/auth/e37d0578a6277494d51aa424af30fa06/?58232416,1
https://www.agenziaentrateriscossione.cg-938172634.site/auth/d91744b193b47a0b6bfd38665eac7872?76492917,1
https://www.agenziaentrateriscossione.cg-938172634.site/auth/d91744b193b47a0b6bfd38665eac7872/?76492917,1
https://www.agenziaentrateriscossione.cg-938172634.site/auth/80beb1c6fc6752da724ca0d6520bb177/?33319728,1
https://www.agenziaentrateriscossione.cg-938172634.site/auth/index.php,1
https://informations-bourso.bolt.host/,1
https://informations-bourso.bolt.host/index.html,1
https://secupassverif-caissedep.com/,1
https://secupassverif-caissedep.com/pages/desktop/securite/index.php,1
https://secupassverif-caissedep.com/pages/mobile/securite/index.php,1
https://imcyumo.kuz-edu.ru/assets/images/activemail/index.html#aaaa@example.jp,1
https://machilkhatri.blogspot.com/,1
https://machilkhatri.blogspot.com/?m=1,1
https://chabalikora.blogspot.com/?m=1,1
https://chabalikora.blogspot.com/,1
https://robalhmed.blogspot.com/,1
https://robalhmed.blogspot.com/?m=1,1
https://mamigolba.blogspot.com/?m=1,1
https://mamigolba.blogspot.com/,1
https://khaltoka.blogspot.com/,1
https://khaltoka.blogspot.com/?m=1,1
https://sahrnimana.blogspot.com/?m=1,1
https://sahrnimana.blogspot.com/,1
https://awayliahbii.blogspot.com/,1
https://awayliahbii.blogspot.com/?m=1,1
https://lokamtrich.blogspot.com/,1
https://lokamtrich.blogspot.com/?m=1,1
https://allegrolokalnie.pl-ogloszenie-prywatne7584645.click/oferta/apple-ipad-11-a16-128gb-wi-fi-apple-pencil-100-bateria-gwarancja-473jm,1
https://v-sn.com,1
https://vp-m3.com,1
https://vsssobverpss-ca.top/vpovs?tid=1788772385270,1
http://allegro.4402913823t3.mom,1
http://allegro.031209h58h45.me,1
https://nobetgd.com/,1
https://yheuged.com/,1
https://suppilisateur.com/5tynbei,1
https://amalhadabb.blogspot.com/,1
https://jatfiabb.blogspot.com/?m=1,1
https://jatfiabb.blogspot.com/,1
https://outgeud.com/,1
https://hotlinkcashrefound.wixsite.com/cash,1
https://nsakana.blogspot.com/nastchhd,1
http://allegrolokalnie.pl-74162.top,1
https://do-nb-f39o-lg-tb-a.vercel.app/#,1
https://seconnectermonacotelecomwebmail.weebly.com/,1
https://tcyoinvest.com/,1
http://tcyoinvest.com,1
https://sabcleaningnyc.com/SWG/en/index.html,1
https://aws-bedrock-support.com/,1
https://aws-bedrock-support.com/connexion/,1
https://swingcresty.click/,1
https://iitdxf.info/SViFQjgx,1
https://gegenwartskunstfreiburg.online/Customer/my/#7c65dab737690c9fe4c673f217042703,1
https://sites.google.com/view/recaptcha--4,1
https://rebrand.ly/Mettas,1
https://bper.it-spazio.com/captcha.php,1
http://auspost-ticket.com,1
https://europe-pian.com/mvypjo,1
https://howular.af7119.info/g3EArg/jp,1
https://huayuangreen.com/saisan/service-point,1
https://comcastcarebusiness.weebly.com/,1
https://xfinityis.weebly.com/,1
https://xfinityttt.weebly.com/,1
https://comcastsurvey.weebly.com/,1
https://xfintyxx.weebly.com/,1
https://verification-blueticks-fb23.vercel.app/,1
https://verification-blueticks-fb23.vercel.app/privacy-centers.html,1
https://ib.200xlove.xyz/iteam/index.php,1
https://mysubcription-neftlix.com/,1
https://www.mysubcription-neftlix.com/,1
https://sasioncarid-mustee.com/,1
https://hongbomedia.com/saisan/service-point,1
https://c17pu9o6k3-3755b1f233.vercel.app/,1
https://sg.internal-support.xyz/sgdbs/,1
https://accurate-purple-klawjsq5.edgeone.dev/,1
https://docwirelosszip--ftomasmiguel.replit.app/,1
https://security-server-landing-page--dianneaagroo.replit.app/,1
https://qmres.com/wiki/qOTT5vGtSL,1
https://ejzwz.com/link/r2svhVfJaI,1
https://qmres.com/detail/DVBMvjf1KZ,1
https://mail.bhd-personal.com/,1
https://plusbhd.com,1
http://allegrolokalnie.pl02.my,1
https://zodubagasa.z7.web.core.windows.net/wtz1feeubb/,1
https://vipipufuy.z38.web.core.windows.net/jz1w2pdd4/,1
https://allegro.001029gh9hi.me,1
http://allegrolokalnie.pl57789.top,1
http://allegrolokalnie.plloferta763254214.sbs,1
http://allegro.plloferta763254214.sbs,1
https://4fyxc9o3.xyz/soFbneFy/,1
https://54hgg3ra.xyz/soFbneFy/,1
https://4tztxlmp.xyz/soFbneFy/,1
https://credi-en-linia--ecu-emprende.replit.app/,1
https://uytgjoiuyt--crediecuador1.replit.app/,1
https://dac8flattax.com/,1
https://dac8flattax.com/tax,1
https://dac8flattax.com/tax-questions,1
https://dac8flattax.com/exchange,1
http://allegrolokalnie.pl741921502.xyz,1
https://ca-secupassinfo.com/,1
https://ca-secupassinfo.com/pages/desktop/securite/index.php,1
https://ca-secupassinfo.com/pages/mobile/securite/index.php,1
https://allegrolokalnie.pl-oferta78224.click/xbox-series-x-1tb-i-5-pad%C3%B3w-i-/13398,1
http://allegrolokalnie.pl-ogloszenie-prywatne7584645.click,1
https://allegrolokalnie.pl-nd2produkty758432251.lol/zegarek-sportowy-garmin-fenix-/88865,1
https://gdubeyle.com/,1
http://esce-secuane.com/5tynbei,1
http://allegrolokalnie.oferta4144413352.lat/oferta/ps5-pro-z-napedem-210a6c0f,1
https://allegrolokalnie.lokalna-709814.lol/,1
http://allegrolokalnie.lokalna-709814.lol,1
http://allegro.365345230132f.beauty,1
https://allegrolokalnie.rkupteraz.me/oferta/id-1xmqnd-drukarka-3d-bambu-lab-a1-mini-nowa-oryginalnie-zapakowana,1
https://pumpfunstreaming.netlify.app/,1
https://allegrolokalnie.id32ur37r3jsi3732d.sbs/%C5%82%C3%B3dka-zan%C4%99towa-boatman-vulcan-/79223,1
http://allegrolokalnie.hsttpl.sbs/oferta/id-osxtm9qlc-sprzedam-kamere-insta360-x4,1
https://allegrolokalnie.oferta839174.click/milwaukee-m18-fuel-szlifierka-/14759,1
http://allegrolokalnie.oferta743821.lol,1
https://845987494.blogspot.com/,1
https://sin1.contabostorage.com/f2cf244537c24cfbbab222d203cf3bb9:clip/newalldomain.html#info@susval.org,1
https://weixinshexiang.com/content/ssidpxszds,1
https://cnkedun.com/content/ssidpxszds,1
https://cyqmedical.com/content/ssidpxszds,1
https://zhuanhaha.com/content/ssidpxszds,1
https://qinghongsheji.com/content/ssidpxszds,1
https://hzsxszx.com/content/ssidpxszds,1
https://cqtscywl.com/content/ssidpxszds,1
https://dxjianbingji.com/content/ssidpxszds,1
https://stxiannaiba.com/content/ssidpxszds,1
https://yulianfozhu.com/content/ssidpxszds,1
https://ydshipin.com/content/ssidpxszds,1
https://jdzxfhytc.com/content/ssidpxszds,1
https://bymmygc.com/content/ssidpxszds,1
https://cmllog.com/g8gmpun7w7.ed.jp,1
https://fwzyuvg.cn/login,1
https://www.bitbrowsertq1.com.cn/?2EauTlzvZJDpBsYZNrY3lKbX,1
https://cnkedun.com/content/ibtlmylluu,1
https://cyqmedical.com/content/ibtlmylluu,1
https://zhuanhaha.com/content/ibtlmylluu,1
https://qinghongsheji.com/content/ibtlmylluu,1
https://hzsxszx.com/content/ibtlmylluu,1
https://cqtscywl.com/content/ibtlmylluu,1
https://dxjianbingji.com/content/ibtlmylluu,1
https://stxiannaiba.com/content/ibtlmylluu,1
https://yulianfozhu.com/content/ibtlmylluu,1
https://ydshipin.com/content/ibtlmylluu,1
https://jdzxfhytc.com/content/ibtlmylluu,1
https://dalenvoris.cfd/screen,1
https://bymmygc.com/content/ibtlmylluu,1
http://allegro.smarpt342832012.homes,1
http://allegro.pfw498tr2323.homes,1
http://allegro.9458323ffo.beauty,1
http://allegrolokalnie.pl01.me,1
http://allegrolokalnie.hplts.sbs,1
https://allegrolokalnie.pl-oferta73654223.click,1
https://uk-tvlicensing-en.dynnamn.ru/?_tk=354,1
https://fznews.ir/.well/koa/tmp/htp/php/perl/start.php,1
https://bancaribe.pages.dev,1
https://finglobesmbc.com,1
https://mbimh.com/dnqTePLY,1
http://allegro.01201290.beauty/,1
http://allegro.12012094759.autos/,1
https://allegro.12012094759.autos/,1
http://allegrolokalnie.pl-75512.top,1
http://allegro.034g934h834jj.xyz/,1
http://allegrolokalnie.pl292829.cyou,1
http://allegrolokalnie.smart-94632.cfd,1
https://allegro.plkupteraz76321845326.me,1
http://allegro.prot34u7391.homes,1
http://allegro.034g934h834jj.xyz,1
http://allegrolokalnie.335544ip.top,1
https://br1.bbbooss.shop/brgtm/?pixel=1691965335246804&amp;ts=1,1
https://br3.brvoeee.shop/brgtm/?pixel=1617165756475018&amp;sx=1,1
https://br3.fffooss.shop/brgtm/?pixel=1794695804872685&amp;ms=1,1
https://shp-entregas.vercel.app/,1
https://br2.brvoffff.shop/brgtm/?pixel=1073727602235535&amp;wm=1,1
https://br2.aaaooss.shop/brgtm/?pixel=1611856407167205&amp;uo=1,1
https://br2.aaaooss.shop/brgtm/?pixel=1611856407167205&amp;pd=1,1
https://shopeehomeoffice.vercel.app/,1
https://br3.aaaooss.shop/brgtm/?pixel=1409588361040372&amp;yu=1,1
https://shpeeredirect.vercel.app/,1
https://br1.cccooss.shop/brgtm/?pixel=1082567504289009&amp;xp=1,1
https://allegro.12012094759.autos,1
https://allegrolokalnie.lokalna-48203.sbs,1
http://www.allegro.pl-7543235678.click,1
https://allegrolokalnie.pl73146.top,1
http://allegrolokalnie.pl-oferta6345344.click,1
https://dgcffg.com/espace/paiement.php,1
https://espace-recouvrement.com/,1
http://allegrolokalnie.oferta232423.lat/oferta/xbox-series-x-plus-kontroler-2,1
http://copyright-advertising-issue-review.netlify.app/1653629651334864,1
https://copyright-advertising-issue-review.netlify.app/1653629651334864,1
http://metamasklogniox.gitbook.io/,1
https://metamasklogniox.gitbook.io/us,1
https://signin-att-verifier.webflow.io/,1
https://allegrolokalnie.pl92562.lol/konsola-playstation-5-pro-czar/70816,1
https://allegrolokalnie.pl-9373k83727728oferta33916927263829.site/oferta/id-xvwowzxa-Konsola-sony-PlayStation-5-pro-2-tb,1
http://allegrolokalnie.63293872.xyz,1
https://bellsouth-att-signing-83d69c.webflow.io/,1
https://cloud.shikarathekashmirspride.com/meeting/Iphone/invite.php,1
https://mtoken.click/,1
https://cpm-mza.com.ar/interscope/cgi/Wetrans980i00900008.html,1
http://allegrolokalnie.pl01.top,1
http://allegrolokalnie.smart-94852.cfd,1
https://allegrolokalnie.lpprzedmiot743214.sbs/alufelgi-bmw-17-5x120-75j-opon/14142,1
https://cnkedun.com/content/rihpjggxfl,1
https://0668ka.com/sD5vOe6h2C.yamaguchi.jp,1
http://allegrolokalnie.pl73626.top,1
http://allegrolokalnie.oferta78206.lol,1
http://www.allegrolokalnie.pl-25294.click,1
http://www.allegrolokainie.pl-25294.click,1
https://ww.venvoox6.pro/,1
https://vendredi-5.com/,1
https://vendredi-5.com/suivi,1
http://allegrolokalnie.pl-73462535.shop,1
http://allegrolokalnie.pl-oferta20172841.lol,1
http://allegrolokalnie.pl-ofertaa.lol,1
http://allegrolokalnie.pl-oferta2191290.click,1
https://zhonghegongsi.com/content/rpsfhubkea,1
https://xmksjxsb.com/content/rpsfhubkea,1
https://ddangong.com/content/rpsfhubkea,1
https://jinlangxing.com/content/rpsfhubkea,1
https://zjsyjoydesign.com/content/rpsfhubkea,1
https://shenzhizun.com/content/rpsfhubkea,1
https://gaojiangdianli.com/content/rpsfhubkea,1
https://xfwjfdxx.com/content/rpsfhubkea,1
https://kmskfp.com/content/rpsfhubkea,1
https://wxhgct.com/content/rpsfhubkea,1
https://hnxhzsw.com/content/rpsfhubkea,1
https://qwjiance.com/content/rpsfhubkea,1
https://bjxcjxgs.com/content/rpsfhubkea,1
https://ysjingsheng.com/content/rpsfhubkea,1
https://nnsmyj.com/content/rpsfhubkea,1
https://sdhcgyl.com/content/rpsfhubkea,1
https://trevlin.cfd/dsfd,1
https://liangjifang.com/content/rpsfhubkea,1
https://cszxseal.com/content/rpsfhubkea,1
https://shodbj.com/view/radfTprBTd,1
https://tianxianc.com/view/radfTprBTd,1
https://shifanglc.com/view/radfTprBTd,1
https://login.letsvpn-aas.com.cn/?QAgIi5KfOBGDBypAiFy5gpGL,1
https://pbdwz.com/detail/6eNKmnBkNW,1
https://er-zimbr.netlify.app/,1
https://secure-server-landing-page--richmanagementt.replit.app/,1
https://netmods.cn/login,1
https://www.nblianfang.com/?FzaJHbW1DwAMs4ok3siOFIyR,1
https://mkpqcbr.com/view/radfTprBTd,1
https://temarvx.com/view/radfTprBTd,1
https://bbaasy.com/view/radfTprBTd,1
https://wchuai.com/view/radfTprBTd,1
https://wpspeech.com/view/radfTprBTd,1
https://mkpscbr.com/view/radfTprBTd,1
https://shelgor.cfd/dsfd,1
https://dshsgnx.cqlingdong.com/,1
https://olx-pl.lmnoa.shop/payment/7435b1b21d1c/citi,1
https://olx-pl.iroee.shop/payment/7435b1b21d1c/bnp-paribas,1
http://allegrolokalnie.26352717.xyz,1
https://www.yyzbw.com/os93ss019321/Redeem.php,1
https://noxvyr.cfd/dsfd,1
https://molfex.cfd/dsfd,1
http://www.allegro.pl-ogloszenie5722931873.lol,1
http://www.allegro.pl-25294.click,1
https://qyt5qykw.cn/CZVwQWkt,1
https://nnolscn.cn/CZVwQWkt,1
https://nmedwog.cn/CZVwQWkt,1
https://rbshc.cn/CZVwQWkt,1
https://nkzwz.com/view/8v9mKweuBw,1
https://raku-point-lozxian.com/,1
https://kqlyp.com/view/8v9mKweuBw,1
https://haciendacr.eu.cc,1
https://visacrpdfci.gu.cc,1
https://mastercardcrc.gu.cc/,1
https://visagcr.gu.cc,1
https://mastevisa.sbs/,1
https://bn-cr.eu.cc/,1
https://payonline.mom/,1
https://bristolcountysavingsip.com/verify,1
http://allegrolokalnie.smart-94832.cfd,1
https://clone-picpay.vercel.app/,1
https://uytrfgvujhgbtfoiuh--ubiipagoscred.replit.app/,1
https://scsrxbs.com/kup/vuxflmxc/qlmejtzq/yajcoxmf/pebkc/dzrfcoec/vnqhltc,1
https://almanexac.z5.web.core.windows.net/,1
https://dac8actifs.com/tax-questions,1
https://dac8actifs.com/exchange,1
https://dac8actifs.com/tax,1
https://pneustore-lyart.vercel.app/,1
https://itauu.vercel.app/abrir.html,1
http://itauu.vercel.app/abrir.html,1
https://transformation-online-transformation-vu-awsamazon3aws.fs-webdesign.com/o-w-a/e-mail/#x@x.com,1
https://shorten.is/G0GTQ,1
http://www.landpcontainer.com/,1
https://dac8actifs.com/,1
https://qujqmtk.com/view/radfTprBTd,1
https://www.femstah.com/?Qvd1pBLNZg3YCVTWUR7onBol,1
https://theguesthousebb.com/fioh,1
https://account-att-com-cb52f4.webflow.io/,1
https://0e37e6ed-727f-469f-8fd4-4e262b9cdc59.s3.us-west-2.amazonaws.com/index.html,1
https://central-prime-index.com/https://central-prime-index.com/index.php,1
https://central-prime-index.com/,1
https://lxchangming.com/content/sfqqngcapy,1
https://fzhxlcy.com/dsfd,1
https://steelarchvalves.com/,1
https://mgmbxm9s2n.us-east-2.awsapprunner.com/?username=pierre.grie@nameshield.net,1
https://0898yczc.com/uid_2652978755?ticket=WdZJEd6dNM,1
https://olx-pl.lmnoa.shop/payment/7435b1b21d1c/millennium,1
https://www.venvoox6.pro/,1
https://686792.venvoox6.pro/,1
https://olx-pl.iroee.shop/payment/7435b1b21d1c/millennium,1
https://vendredi-4-sep.com/,1
https://vendredi-4-sep.com/suivi,1
https://t.co/CEalIRsGiL,1
http://allegro-lokalnie.pl-7543235678.click/,1
https://www.bevzw.com/rnuhfp,1
https://www.bgunw.com/dkatb,1
https://mu.umbjp35.shop/,1
https://t.co/rpJU6X6imI,1
https://ax-italy.eu.cc,1
https://allegrolokalnie.9618269.mom/oferta/xiaomi-17t-pro-512gb/94713,1
https://ophtalmovisus.com/jamyershomes/,1
https://fabulous-embeds-059788.framer.app/,1
https://idrav.shop/paypay.ne.jp=Gs0JwOhyzYZJIUM_wGH1dXMMAYUsYojRktgKMrLOequgMve285M7d8LeAoaLkihyNZQUXyZyJkix1BlaCnpk-QZBhGH,1
https://gwqf.shop/paypay.ne.jp=Gs0JwOhyzYZJIUM_wGH1dXMMAYUsYojRktgKMrLOequgMve285M7d8LeAoaLkihyNZQUXyZyJkix1BlaCnpk-QZBhGH,1
https://isau.shop/paypay.ne.jp=Gs0JwOhyzYZJIUM_wGH1dXMMAYUsYojRktgKMrLOequgMve285M7d8LeAoaLkihyNZQUXyZyJkix1BlaCnpk-QZBhGH,1
https://flrk.shop/paypay.ne.jp=Gs0JwOhyzYZJIUM_wGH1dXMMAYUsYojRktgKMrLOequgMve285M7d8LeAoaLkihyNZQUXyZyJkix1BlaCnpk-QZBhGH,1
https://glmf.shop/paypay.ne.jp=Gs0JwOhyzYZJIUM_wGH1dXMMAYUsYojRktgKMrLOequgMve285M7d8LeAoaLkihyNZQUXyZyJkix1BlaCnpk-QZBhGH,1
https://jrgwc.shop/paypay.ne.jp=Gs0JwOhyzYZJIUM_wGH1dXMMAYUsYojRktgKMrLOequgMve285M7d8LeAoaLkihyNZQUXyZyJkix1BlaCnpk-QZBhGH,1
https://mleb.shop/paypay.ne.jp=Gs0JwOhyzYZJIUM_wGH1dXMMAYUsYojRktgKMrLOequgMve285M7d8LeAoaLkihyNZQUXyZyJkix1BlaCnpk-QZBhGH,1
https://nilso.shop/paypay.ne.jp=Gs0JwOhyzYZJIUM_wGH1dXMMAYUsYojRktgKMrLOequgMve285M7d8LeAoaLkihyNZQUXyZyJkix1BlaCnpk-QZBhGH,1
https://oribo.shop/paypay.ne.jp=Gs0JwOhyzYZJIUM_wGH1dXMMAYUsYojRktgKMrLOequgMve285M7d8LeAoaLkihyNZQUXyZyJkix1BlaCnpk-QZBhGH,1
https://othelo.shop/paypay.ne.jp=Gs0JwOhyzYZJIUM_wGH1dXMMAYUsYojRktgKMrLOequgMve285M7d8LeAoaLkihyNZQUXyZyJkix1BlaCnpk-QZBhGH,1
https://sftc.shop/paypay.ne.jp=Gs0JwOhyzYZJIUM_wGH1dXMMAYUsYojRktgKMrLOequgMve285M7d8LeAoaLkihyNZQUXyZyJkix1BlaCnpk-QZBhGH,1
https://nodev.shop/paypay.ne.jp=Gs0JwOhyzYZJIUM_wGH1dXMMAYUsYojRktgKMrLOequgMve285M7d8LeAoaLkihyNZQUXyZyJkix1BlaCnpk-QZBhGH,1
https://sfdh.shop/paypay.ne.jp=Gs0JwOhyzYZJIUM_wGH1dXMMAYUsYojRktgKMrLOequgMve285M7d8LeAoaLkihyNZQUXyZyJkix1BlaCnpk-QZBhGH,1
https://eegxvotdnodpu.top/soFbneFy/,1
https://my-new-bnb-bsccoin.surge.sh/,1
https://bedgries0b.azurewebsites.net/,1
https://adminnfupanel-dpg54ztfrzuf.edgeone.dev/,1
https://refunds.vercel.app/,1
https://desktop-ledgrecdn.wixstudio.com/web-en,1
https://orangeverification.vercel.app/,1
https://aaofrx1mfv-76a5a3a10d.vercel.app/,1
https://aaofrx1mfv-76a5a3a10d.vercel.app/facebook-event-tracker-2479918204188462.html,1
https://f6hcv5m29r-03b208a828.vercel.app/,1
https://experienced-emojis-635132.framer.app/,1
http://garphios.mystagingwebsite.com/wp-content/plugins/gaweris/?entity=31321,1
http://allegrolokalnie.pl78453.top,1
https://zcwjpj.com/forward/I3leJc6NwF,1
https://fjjdl.com/rKKn46jvQl.fukui.jp,1
https://ecuadorayudas--ayudasecu.replit.app/?fbclid=IwY2xjawUG9H1wZG9mAWV4dG4DYWVtAjExAGJyaWQRMWNhRGtVak4waXEwaFVUNTRzcnRjBmFwcF9pZBAyMjIwMzkxNzg4MjAwODkyAAEeKlR1xFnARQaQzZ5ndAmWsblqEUUpAZvjKrHbrjBjn-hY8oZO-HvtDRhw9bM_aem_JXbzcDBWWYXCYj0PuWNQog,1
https://credip-1-chinch-ec--credipich1cha.replit.app/?fbclid=IwY2xjawUG9RZwZG9mAWV4dG4DYWVtAjExAGJyaWQRMWNhRGtVak4waXEwaFVUNTRzcnRjBmFwcF9pZBAyMjIwMzkxNzg4MjAwODkyAAEetPhxTVYnTmgm1TY1Njceve3eS49WvMkvbuP1Hg7gqB_C51In4VPJZYYBXFk_aem_im0Gk65VocnVszVhSUkDsA,1
https://login.hbcyjy.com/login,1
https://www.gzjhjfw.com/?VavJzri32TxIfOmyWooIcBbd,1
https://gubnyt.cfd/content/uwdhruqfuv,1
https://hmrlyy.com/hlbn,1
https://mphasi.com/jump/D3g721MWKo,1
https://www.hmtsd.com/?BvzzUvJ5Ot81L52kEe5cgoMx,1
https://login.hcjksc.com/?3o2nGDuLhZ1jcNH5RUzmsopN,1
https://haorunda.com/content/bmbqztsotq,1
https://thewitchezink.com/idgw,1
https://henglong228.com/uid_4924443545?ticket=GSHxdrfbnZ,1
https://zxhykjjt.com/content/rpsfhubkea,1
https://qubvent.cfd/dsfd,1
http://allegrolokalnie.pl64378.top,1
http://eterlio.com/m/service/statics/index.php,1
http://allegrolokalnie.pl-oferta87292344.shop,1
https://acessonetempresasapp.digital,1
https://Bradesco.apoiocorporativo.com,1
https://app.clientepresent.click,1
http://allegro.0901209ghgh.beauty,1
https://dcanconformite.com/,1
https://validatorpygnb.z13.web.core.windows.net/,1
https://2607pygnbcom.z13.web.core.windows.net/,1
https://2907pygnb.z13.web.core.windows.net/,1
https://coin-base-hub-us.zapier.app/,1
https://sol-card.com/,1
https://sol-card.com/captcha.html?return=index.php&amp;challenge=19r4zp21mqpdb72dcqtam5ull1&amp;lang=fr,1
http://allegro.pl-25294.click,1
http://allegro-lokalnie.pl-25294.click,1
http://allegrolokalne.pl-25294.click,1
https://conformitecan.com/,1
http://www.allegro-lokalnie.1039837h53.shop,1
http://allegrolokainie.pl-7543235678.click,1
http://allegro.pl-ogloszenie5722931873.lol,1
http://allegrolokalnie.pl-7543235678.click,1
http://allegrolokalne.pl-7543235678.click,1
http://allegrolokalne.pl-ogloszenie5722931873.lol,1
http://allegrolokalnie.752976.lol,1
http://kleinanzeigen-bestellung.my111.net/,1
https://banca-enlinea-pichinchasolucion.weebly.com/,1
https://banco-pichincha.weebly.com/,1
https://msx-italia.eu.cc,1
https://zpr.io/saXBVTRCepFW,1
https://checkout-694bbcfac862a67e8019289966ebd7a9-checkout.renewplan.cyou/checkout?token=694bbcfac862a67e8019289966ebd7a9,1
https://www-auth-domain-lmfa1ig8u024koe1.vercel.app/checkout/694bbcfac862a67e8019289966ebd7a9,1
https://url.gsb.gov.zm/Hnx-kJv3Jm,1
https://rebrand.ly/areaclienti,1
https://moudhgsr-dp4lyapywtjw.edgeone.dev/,1
https://infomailsmms.mypixieset.com/,1
https://gratuit-5538115.webadorsite.com/,1
https://trustcapitallogini.webador.com/,1
https://l4-design-system.vercel.app/projetos-hxc/ecosistema-hxc/landing-loterico.html,1
https://web.voyrapido.com/lawse/download.html,1
https://ctrtglobal.com/pianifica/e-Doccondiviso.html,1
https://bradesco.sincronizacaopjonline.click/,1
https://bradesco.sincronizacaopjonline.pro/,1
https://c8reg200ev8222ee.bitrix24.site/,1
http://allegro.pryi40-23gf2.casa,1
https://u113719625.ct.eu.sendgrid.net/ls/click?upn=u001.vawHUM23D08YXpV-2BDzNaGr3wJ1Bfn409QWoE30Gd1DSxfhsvIJXHzdvAa95MiBSvSPM9j1h2wuIoRscMs4XnDJab-2Fc8p8EhOb1e8iD277nFzxY5L5ygod-2FfxuXlX6FkjX9l7jxEb9uJkHqmHNA8LNFpnmNVTsXzXQ8En2YDvxu1y-2BF0EENwunUk3juAiyM6YgxIPqBvfyfzdSOhXNTqWO5cAHqL0ZGvpRnmNdw0JrrDHZnJA8dxzQIn2YpSJPH3KY53glynSfiilbsfyLHvNnhhMfuXFO-2FdtQiqpowcIIQo90K8FnSnfUuJCTtqK5kJBr42WJXEkFkz-2FrM5-2BkTJ9iJmwOsNjQzQoXcvCoFVU3BLExQIWoqDV9lfQMt6Vr-2BDtL1Y1LIb-2Ba6iQDe53NQ3lDWJbcqot05y6aY49eKX017A-3D4kkw_noKpPTDhsQIpiq15UrxVN7egMuGTdX32izl7nGMQuuf1k8urM6Sh8z-2BzsrNWigDZON9PsVFlguO-2FhyPUUU0Uh5WKky7VCZqXzzE2Gg3NEqsRCmRp9gCYpSOtHJbL-2BHZ28sJUwzjEFtAAiPMzo20qLeMSa-2BRU9ewVZ7me88xe-2FWGDOC-2Fm-2FbAhZf4l7MeMxvMwNLELhbJvNyLmivjKlGtJ2jYhGPnLvOm9prcarAiopWy51yc4trnfhkaTSZKs6qXkcu0Q2siQ6kp7h7zZQKF1bnei1wrA64ln-2Bz9QYEXtS8g-2BY-2FmhNL1fHL95QIgd0aWhUASI3tBrMekff6W-2FNFZaI0tR4oiBEXJ4rnuX36i3eawgNeCVgSgK31XZb6-2FynbR-2BcnyNm1hIEbWTER1vytYNcRA-2F0pIfGEb6OdorKKxKZd9pwXQazgDdkogEMH72mwBW,1
https://trackingservice.monday.com/tracker/link?token=eyJhbGciOiJIUzI1NiIsInR5cCI6IkpXVCJ9.eyJvcmlnaW5hbFVybCI6Imh0dHBzOi8vYXZhbnRlc2hpcHBpbmcuY29tL3dwLXNpZ25wLnBocCIsImVtYWlsSWQiOiJjNDI5YWViOC1lZThlLTQ5NTgtOWQ4YS1jMGFjNzVmOGI1MzYiLCJpYXQiOjE3ODgzNjYyNjh9.qWrh8wfLFcMoBMb5t__nXFiNPwRMkjHqghat7ld3DWY&amp;r=euc1,1
https://avanteshipping.com/wp-signp.php?error=1,1
https://institutodebate.com/daomart/,1
https://metalsb.com.br/-/,1
https://metalsb.com.br/app,1
https://metalsb.com.br/app/,1
https://m8hr3v.lat/o/cl2qy/7315896032923904#selectedbank9,1
http://allegro.1241092000.casa,1
http://allegro.smar9439012g.casa,1
https://vod-renouvellement.com/,1
https://vod-renouvellement.com/index.php,1
https://monoption-creneaumr.help/login,1
https://monoption-creneaumr.help/,1
https://www.monoption-creneaumr.help/,1
https://pub-67c6e4237e334032a7d31a6027ae5f29.r2.dev/index.html,1
https://php-web-server--antijudas2323.replit.app/indexx.html,1
https://php-web-server--antijudas2323.replit.app/,1
https://gamini-logi.weebly.com/,1
https://ghytyk7ugyh6ygy6yg.weebly.com/,1
https://att-online-access.weebly.com/,1
https://www.smbc-card.com.biaw.shop/vzgvUGe1989487/HKXKVHDOSAPMwvkko,1
https://www.smbc-card.com.axons.shop/vzgvUGe1989487/HKXKVHDOSAPMwvkko,1
https://www.smbc-card.com.bswh.shop/vzgvUGe1989487/HKXKVHDOSAPMwvkko,1
https://www.smbc-card.com.boltv.shop/vzgvUGe1989487/HKXKVHDOSAPMwvkko,1
https://www.smbc-card.com.asku.shop/vzgvUGe1989487/HKXKVHDOSAPMwvkko,1
https://www.smbc-card.com.xouesazxa.com/vzgvUGe1989487/HKXKVHDOSAPMwvkko,1
https://www.smbc-card.com.couesaxaz.com/vzgvUGe1989487/HKXKVHDOSAPMwvkko,1
https://www.smbc-card.com.foeexnaz.com/vzgvUGe1989487/HKXKVHDOSAPMwvkko,1
https://www.smbc-card.com.souesazxa.com/vzgvUGe1989487/HKXKVHDOSAPMwvkko,1
https://www.smbc-card.com.bouesaza.com/vzgvUGe1989487/HKXKVHDOSAPMwvkko,1
https://www.smbc-card.com.zouesaxz.com/vzgvUGe1989487/HKXKVHDOSAPMwvkko,1
https://www.smbc-card.com.bdwq.shop/vzgvUGe1989487/HKXKVHDOSAPMwvkko/8881017823dgBGCbYNei/verify=DWeXPuuSN801295512AXTZJSKMFgtVhZq,1
https://bouesaz.us/jinhcgydko,1
https://zfgt.shop/soFbneFy,1
https://mzhpro.com/,1
https://mzhpro.co/,1
https://sg.appdiret.club/09/index.php,1
http://allegro.smra9439020.lol,1
http://allegro.9392130120.casa,1
http://allegro.92359293ghg.lol,1
http://allegro.012031928g.lol,1
https://ecga.shop/soFbneFy/,1
https://axionixtools.shop/soFbneFy/,1
https://axys.shop/soFbneFy/,1
https://borgs.shop/soFbneFy/,1
http://allegro.00123192s.casa,1
https://secureppl-login.help/,1
https://secureppl-login.help/check,1
https://www.secureppl-login.help/check,1
http://www.allegro.ofep23891.shop,1
http://upstore-web.pages.dev,1
https://upstore-web.pages.dev/,1
http://upholdl-walelt-account.zapier.app/,1
https://mtaextesion.gitbook.io/us,1
http://mtaextesion.gitbook.io/,1
http://metamschronextens.gitbook.io/,1
https://metamschronextens.gitbook.io/it,1
http://up-huld-portal-eng.zapier.app/,1
https://up-huld-portal-eng.zapier.app/,1
https://irs.digitalassetcomplianceservices.com/get-started/40494/,1
https://cookjohnstoncpadapp.com/,1
http://crypto-kms.netlify.app/,1
https://crypto-kms.netlify.app/,1
http://crypto-egp.netlify.app/,1
https://crypto-egp.netlify.app/,1
http://communityvotecenter-ux.netlify.app/,1
https://communityvotecenter-ux.netlify.app/,1
http://crypto-ah4.netlify.app/,1
https://crypto-ah4.netlify.app/,1
http://vertiv-command-center.pages.dev,1
https://flat-bread-04ca.cloudflareaccess.com/cdn-cgi/access/login/vertiv-command-center.pages.dev?kid=617efb6eb0445e77d08421b7c2075c08ed7302463271c62a28d702c82772462a&meta=eyJ0eXAiOiJKV1QiLCJhbGciOiJSUzI1NiIsImtpZCI6IjNlMWNlMzYzY2U4MmM2ODUwMmEwMTZjYTU2ZDU0Y2RmNDZkYTFiY2RlNWM1ZTQ4NTQ1ZWZkYTkzMTAwZTQ2MDUifQ.eyJ0eXBlIjoibWV0YSIsImF1ZCI6IjYxN2VmYjZlYjA0NDVlNzdkMDg0MjFiN2MyMDc1YzA4ZWQ3MzAyNDYzMjcxYzYyYTI4ZDcwMmM4Mjc3MjQ2MmEiLCJob3N0bmFtZSI6InZlcnRpdi1jb21tYW5kLWNlbnRlci5wYWdlcy5kZXYiLCJyZWRpcmVjdF91cmwiOiIvIiwic2VydmljZV90b2tlbl9zdGF0dXMiOmZhbHNlLCJpc193YXJwIjpmYWxzZSwiaXNfZ2F0ZXdheSI6ZmFsc2UsImV4cCI6MTc4ODM2NjU2MSwibmJmIjoxNzg4MzY2MjYxLCJpYXQiOjE3ODgzNjYyNjEsImF1dGhfc3RhdHVzIjoiTk9ORSIsIm10bHNfYXV0aCI6eyJjZXJ0X2lzc3Vlcl9kbiI6IiIsImNlcnRfc2VyaWFsIjoiIiwiY2VydF9pc3N1ZXJfc2tpIjoiIiwiY2VydF9wcmVzZW50ZWQiOmZhbHNlLCJjb21tb25fbmFtZSI6IiIsImF1dGhfc3RhdHVzIjoiTk9ORSJ9LCJyZWFsX2NvdW50cnkiOiJVUyIsImFwcF9zZXNzaW9uX2hhc2giOiI1NGZlNWFkMTZiNTczM2MyMDkwNzJlNDI3ZTI0ZGRiZGRjNjk4NjNlY2Y0MzY1MDVhZjAyYmQzOTYyOWY3ZTYwIn0.PkmNIt8RVU5urweB3HRyEoZfi_uvIxVpr7tAJ73B_swNf9Y5pMJibcdBgrRNiHRXB7_Ay0AFKXqvvkYpONn6gh8ORcoSGO0EKu6-Q--1UUXfcfhfNjhzrU37fovUvRaaXFosIi5BV7cnGZ8u7NEHZ3j8qJqZKApw3pM_996ZrzN3r8z-9foPUJfyjknYrWXqYcfpYwj_JBpA04X-3yS4SN2RcUQMNnJJDRaRoqtDMKSMW1zloa9L-tWvolW6YPeDhr-hrv0BoLZTXKMDBnq4eYQiK6OxiiOjtx_yobGhESbjchQ85U2rzSLEXLHTtBwZLhfiajkP4NDCfTnvJGC4eA&redirect_url=%2F,1
https://irs.mydigitalassetcompliance.com/get-started/13709/,1
http://itauu.vercel.app,1
https://itauu.vercel.app/,1
https://itau-snowy.vercel.app/,1
https://mirasofall.com/,1
https://sogen-reactivation.com/recherche?,1
https://sogen-reactivation.com/,1
https://formulario-cita-digital-apjsh-2026.cr-web.workers.dev,1
https://v0-novaformatgg.vercel.app/?gad_source=1&amp;amp%3Bamp%3Bgad_campaignid=24177883634&amp;amp%3Bamp%3Bgbraid=0AAAABC44nLsvAlVYKQocKM8USHikkqajZ&amp;amp%3Bamp%3Bgclid=Cj0KCQjwnbrUBhDOARIsAKKhPpdjpiTSALFszj2V5zwsb2Czic28BVxjguA3isI82DTKxZPKNF1IFSgaAhOfEALw_wcB,1
http://allegrolokalnie.pl-oferta7329836.lol,1
https://diagnostico.agropacks.com,1
https://cnsistemingreso.z1.web.core.windows.net/,1
https://mr-relay-belgique.com/,1
https://mr-relay-belgique.com/index,1
https://mr-relay-belgique.com/captcha,1
https://servizio-web.eu.cc/bnl.it/it/index.php,1
https://servizio-web.eu.cc/bnl.it/,1
https://bper-portale.com/pages/nvs0.php,1
https://cs-relax.eu.cc/,1
https://bper-portale.com/captcha.php,1
https://bper-portale.com/AX78F,1
https://www.ledgerwellat.com/,1
https://dev.base-man.shop/pB7TpEDvqJdCcjDN,1
https://ledgerlivewebapp.com/,1
https://www.ledgerlivewebapp.com/,1
https://qrco.de/bgzSIu,1
https://hunch-dpp9fo7ukraf.edgeone.dev/,1
https://vocational-white-5xciizxu.edgeone.dev/,1
https://ggggdjjjjjzip--farma26.replit.app/,1
http://allegrolokalnie.pl01972.cam/oferta/hulajnoga-kukirin-g4-2026/235356191,1
https://l0gin-signredirecturi-9992fweb-2faccoun.webflow.io/,1
https://espace97280.com/,1
https://espace97280.com/index.php,1
https://amused-success-632473.framer.app/comweb,1
https://poised-mermaid-596073.framer.app/,1
https://blessed-start-788870.framer.app/,1
https://cheerful-sense-020783.framer.app/,1
https://minimum-advantage-919889.framer.app/,1
https://www.mynetflxmonthlyrenw.com/,1
https://mynetflxmonthlyrenw.com/,1
https://mynetflxmonthlyrenw.com/captcha,1
https://www.ananeosi-melous.com/,1
https://ananeosi-melous.com/,1
https://ananeosi-melous.com/captcha,1
https://supportoweb.eu.cc/App/,1
https://pwtzpa54fhlo7dlu5sq47z4nl6ibkcsbfdj3fshbjpslekzizgyq.ar.vnnode.com/faeXg7wp1u-NdOyhz-eNX5AVCkEo07LI4UvksisoybE?e=aaa.bbb@ovhcloud.com,1
http://equinor-landingpage.my.canva.site,1
https://serverotification-238645-9a9a18fb.s3.amazonaws.com/ha3woo067d7s_8647.html?AWSAccessKeyId=AKIA5Z4HWLX4NQSX5TUP&Signature=EqlXYBG4wMg/8uuB6bJ5RxO1Sz4=&Expires=1788411448&c=aaa.bbb@ovhcloudcom,1
https://instant-as-built.de/Acmecos/download.html,1
https://accountoservoi1787402526936.2141811.meusitehostgator.com.br/moh/postfa/login.php?lang=,1
https://accountoservoi1787402526936.2141811.meusitehostgator.com.br/moh/postfa,1
http://ag-techs.com/,1
https://scan.page/7fFZz8,1
https://mimosawedding.vn/w/,1
https://mimosawedding.vn/w/it/login.php,1
https://hlfwa.koeller-it-consulting.com/california/login,1
https://pinec72378.systeme.io/proxy/request/59869634e9bc729cc569f93ae8a539e837c56,1
https://jtechnet.com.br/DigitalToken/DBS/DBS/,1
https://google.com,0
https://cloudflare.com,0
https://facebook.com,0
https://gstatic.com,0
https://googleapis.com,0
https://microsoft.com,0
https://amazonaws.com,0
https://akamai.net,0
https://youtube.com,0
https://apple.com,0
https://instagram.com,0
https://mail.ru,0
https://fbcdn.net,0
https://ezviz7.com,0
https://twitter.com,0
https://dzen.ru,0
https://linkedin.com,0
https://domaincontrol.com,0
https://googlevideo.com,0
https://googletagmanager.com,0
https://office.com,0
https://live.com,0
https://akamaiedge.net,0
https://hicloudcam.com,0
https://amazon.com,0
https://gtld-servers.net,0
https://akadns.net,0
https://azure.com,0
https://github.com,0
https://wikipedia.org,0
https://bing.com,0
https://whatsapp.net,0
https://apple-dns.net,0
https://appsflyersdk.com,0
https://googleusercontent.com,0
https://fastly.net,0
https://doubleclick.net,0
https://aaplimg.com,0
https://microsoftonline.com,0
https://office.net,0
https://netflix.com,0
https://trafficmanager.net,0
https://cloud.microsoft,0
https://sharepoint.com,0
https://gandi.net,0
https://youtu.be,0
https://digicert.com,0
https://wordpress.org,0
https://x.com,0
https://skype.com,0
https://icloud.com,0
https://cloudfront.net,0
https://goo.gl,0
https://tiktok.com,0
https://whatsapp.com,0
https://googledomains.com,0
https://pinterest.com,0
https://cloudflare.net,0
https://roblox.com,0
https://yahoo.com,0
https://googlesyndication.com,0
https://pv-cdn.net,0
https://gvt1.com,0
https://spotify.com,0
https://windows.net,0
https://windowsupdate.com,0
https://ntp.org,0
https://wa.me,0
https://adobe.com,0
https://msn.com,0
https://myfritz.net,0
https://cloudflare-dns.com,0
https://nginx.org,0
https://qq.com,0
https://chatgpt.com,0
https://root-servers.net,0
https://cdninstagram.com,0
https://zoom.us,0
https://workers.dev,0
https://tiktokcdn.com,0
https://tiktokv.com,0
https://akam.net,0
https://openai.com,0
https://edgekey.net,0
https://gvt2.com,0
https://baidu.com,0
https://yandex.net,0
https://vimeo.com,0
https://ytimg.com,0
https://windows.com,0
https://gwfb.net,0
https://opera.com,0
https://samsung.com,0
https://sentry.io,0
https://nginx.com,0
https://f5.com,0
https://blogspot.com,0
https://yandex.ru,0
https://edgesuite.net,0
https://capgemini.com,0
https://highwebmedia.com,0
https://mozilla.org,0
https://wordpress.com,0
https://t.me,0
https://achmea.nl,0
https://dellemc.com,0
https://a2z.com,0
https://actify.nl,0
https://b-cdn.net,0
https://reddit.com,0
https://ui.com,0
https://nic.ru,0
https://aws.dev,0
https://yccdn.ru,0
https://google-analytics.com,0
https://office365.com,0
https://europa.eu,0
https://bit.ly,0
https://okcdn.ru,0
https://outlook.com,0
https://app-analytics-services.com,0
https://registrar-servers.com,0
https://amazonvideo.com,0
https://app-measurement.com,0
https://github.io,0
https://criteo.com,0
https://cdn77.org,0
https://vk.com,0
https://apache.org,0
https://trbcdn.net,0
https://snapchat.com,0
https://amazon-adsystem.com,0
https://unity3d.com,0
https://dnsowl.com,0
https://amazon.dev,0
https://triplinkintl.com,0
https://intuit.com,0
https://afternic.com,0
https://dropbox.com,0
https://msftncsi.com,0
https://kaspersky.com,0
https://dns.google,0
https://nih.gov,0
https://epicgames.com,0
https://miit.gov.cn,0
https://reg.ru,0
https://iiko.it,0
https://discord.gg,0
https://static.microsoft,0
https://vkuserphoto.ru,0
https://forms.gle,0
https://azurefd.net,0
https://archive.org,0
https://xiaomi.com,0
https://steamserver.net,0
https://godaddy.com,0
https://one.one,0
https://aliyuncs.com,0
https://nytimes.com,0
https://gravatar.com,0
https://msftconnecttest.com,0
https://tumblr.com,0
https://adtrafficquality.google,0
https://applovin.com,0
https://jomodns.com,0
https://tm-azurefd.net,0
https://dns-parking.com,0
https://webex.com,0
https://discord.com,0
https://paypal.com,0
https://ax-msedge.net,0
https://3gppnetwork.org,0
https://vedcdnlb.com,0
https://example.com,0
https://mts.ru,0
https://adobe.io,0
https://ggpht.com,0
https://vk.ru,0
https://azurewebsites.net,0
https://shopify.com,0
https://telekom.net,0
https://spectrum.com,0
https://base.org,0
https://hosting24.com,0
https://soundcloud.com,0
https://doctolib.net,0
https://macromedia.com,0
https://cdn-apple.com,0
https://flickr.com,0
https://googleadservices.com,0
https://w3.org,0
https://nflxso.net,0
https://hichina.com,0
https://bytefcdn-oversea.com,0
https://adsafeprotected.com,0
https://namebrightdns.com,0
https://lencr.org,0
https://rubiconproject.com,0
https://creativecommons.org,0
https://lsrelayaccess.com,0
https://medium.com,0
https://vungle.com,0
https://cnn.com,0
https://theguardian.com,0
https://duckdns.org,0
https://ttdns2.com,0
https://oracle.com,0
https://taboola.com,0
https://shifen.com,0
https://ksyuncdn.com,0
https://doi.org,0
https://t-online.de,0
https://ebay.com,0
https://youtube-nocookie.com,0
https://bbc.com,0
https://forbes.com,0
https://sfx.ms,0
https://sciencedirect.com,0
https://ailawandorder.com,0
https://fastly-edge.com,0
https://miui.com,0
https://twitch.tv,0
https://gmail.com,0
https://cdngslb.com,0
https://researchgate.net,0
https://akamaized.net,0
https://mit.edu,0
https://playstation.net,0
https://pages.dev,0
https://ozon.ru,0
https://capcutapi.com,0
https://pki.goog,0
https://userapi.com,0
https://nr-data.net,0
https://ubuntu.com,0
https://azureedge.net,0
https://bbc.co.uk,0
https://nist.gov,0
https://cpanel.net,0
https://stripe.com,0
https://t.co,0
https://yandexcloud.net,0
https://pubmatic.com,0
https://canva.com,0
https://wsdvs.com,0
https://rbxcdn.com,0
https://imcmdb.net,0
https://meraki.com,0
https://sourceforge.net,0
https://roku.com,0
https://adsrvr.org,0
https://comcast.net,0
https://omtrdc.net,0
https://android.com,0
https://wikimedia.org,0
https://ripn.net,0
https://cisco.com,0
https://telegram.org,0
https://hubspot.com,0
https://hcaptcha.com,0
https://etsy.com,0
https://alidns.com,0
https://adnxs.com,0
https://alibabadns.com,0
https://booking.com,0
https://scorecardresearch.com,0
https://imdb.com,0
https://who.int,0
https://shiabank.com,0
https://forter.com,0
https://wixsite.com,0
https://name-services.com,0
https://linktr.ee,0
https://ttvnw.net,0
https://launchpad.net,0
https://ack.de,0
https://media-amazon.com,0
https://facebook.net,0
https://spov-msedge.net,0
https://amon.tech,0
https://ibm.com,0
https://mangosip.ru,0
https://statsigapi.net,0
https://aliyuncsslbintl.com,0
https://msedge.net,0
https://reuters.com,0
https://2mdn.net,0
https://telecid.ru,0
https://appsflyer.com,0
https://springer.com,0
https://dnsmadeeasy.com,0
https://amplitude.com,0
https://telegram.me,0
https://tinyurl.com,0
https://mzstatic.com,0
https://arubanetworks.com,0
https://drom.ru,0
https://hp.com,0
https://tiktokcdn-us.com,0
https://nature.com,0
https://byteoversea.net,0
https://crpt.ru,0
https://salesforce.com,0
https://weibo.com,0
https://inmobi.com,0
https://steampowered.com,0
https://jsdelivr.net,0
https://mozilla.com,0
https://www.gov.uk,0
https://autodesk.com,0
https://avast.com,0
https://namecheap.com,0
https://clarity.ms,0
https://dell.com,0
https://alibaba.com,0
https://ok.ru,0
https://weather.com,0
https://samsungcloud.com,0
https://harvard.edu,0
https://wac-msedge.net,0
https://debian.org,0
https://ea.com,0
https://wiley.com,0
https://datadoghq.com,0
https://mtgglobals.com,0
https://samsungqbe.com,0
https://heytapmobile.com,0
https://douyincdn.com,0
https://shalltry.com,0
https://php.net,0
https://akamaihd.net,0
https://aliyun.com,0
https://amazon.co.uk,0
https://hostinger.com,0
https://googleblog.com,0
https://myshopify.com,0
https://trueconf.net,0
https://worldnic.com,0
https://awswaf.com,0
https://edgcdn.net,0
https://tbcache.com,0
https://smartadserver.com,0
https://crashlytics.com,0
https://bilibili.com,0
https://spaceweb.pro,0
https://gnu.org,0
https://name.com,0
https://trustpilot.com,0
https://inner-active.mobi,0
https://doubleverify.com,0
https://naver.com,0
https://twc.com,0
https://checkpoint.com,0
https://vecdnlb.com,0
https://hostgator.com,0
https://slack.com,0
https://licdn.com,0
https://opendns.com,0
https://un.org,0
https://cdc.gov,0
https://allawnos.com,0
https://virginm.net,0
https://media.net,0
https://selectel.ru,0
https://washingtonpost.com,0
https://tradingview.com,0
https://weebly.com,0
https://nvidia.com,0
https://live-video.net,0
https://indeed.com,0
https://casalemedia.com,0
https://zendesk.com,0
https://issuu.com,0
https://wsj.com,0
https://samsungcloudsolution.com,0
https://bloomberg.com,0
https://prodregistryv2.org,0
https://cookiedatabase.org,0
https://launchdarkly.com,0
https://calendly.com,0
https://stanford.edu,0
https://cdnbuild.net,0
https://dnspod.net,0
https://ip-api.com,0
https://tiktokv.us,0
https://volcfcdndvs.com,0
https://mobile.de,0
https://gitlab.com,0
https://plesk.com,0
https://wildberries.ru,0
https://paloaltonetworks.com,0
https://amazontrust.com,0
https://newrelic.com,0
https://yandex.com,0
https://online-metrix.net,0
https://amazon.de,0
https://tp-link.com,0
https://shopifysvc.com,0
https://ibyteimg.com,0
https://mi.com,0
https://bsky.app,0
https://demdex.net,0
https://xcal.tv,0
https://walmart.com,0
https://gandi-ns.fr,0
https://quickconnect.to,0
https://vivoglobal.com,0
https://dotaplabs.net,0
https://rocket-cdn.com,0
https://espn.com,0
https://onelink.me,0
https://kwai-pro.com,0
https://netangels.ru,0
https://nflxvideo.net,0
https://aliexpress.com,0
https://nasa.gov,0
https://ipify.org,0
https://vkuser.net,0
https://globo.com,0
https://ezvizlife.com,0
https://heytapdl.com,0
https://163.com,0
https://unsplash.com,0
https://expireddomains.com,0
https://brave.com,0
https://line.me,0
https://tiktokv.eu,0
https://google.cn,0
https://amazonalexa.com,0
https://dailymotion.com,0
https://supercell.com,0
https://steamcommunity.com,0
https://tiktokcdn-eu.com,0
https://huawei.com,0
https://temu.com,0
https://beian.gov.cn,0
https://kaspersky-labs.com,0
https://pangle.io,0
https://avcdn.net,0
https://chinamobile.com,0
https://claude.ai,0
https://taobao.com,0
https://intel.com,0
https://byteglb.com,0
https://kwaipros.com,0
https://awsglobalaccelerator.com,0
https://goodreads.com,0
https://bluehost.com,0
https://netease.com,0
https://go.com,0
https://dropcatch.com,0
https://wbx2.com,0
https://ipinfo.io,0
https://substack.com,0
https://enacdn.net,0
https://myqcloud.com,0
https://cloudns.net,0
https://sina.com.cn,0
https://avsxappcaptiveportal.com,0
https://yahoo.co.jp,0
https://businessinsider.com,0
https://gcdn.co,0
https://skyhigh.cloud,0
https://timeweb.ru,0
https://wp.com,0
https://pixabay.com,0
https://adobe.net,0
https://tencent-cloud.net,0
https://aol.com,0
https://speedtest.net,0
https://edgecdn.ru,0
https://g.page,0
https://cloudflareinsights.com,0
https://eye4.cn,0
https://gamepass.com,0
https://mikrotik.com,0
https://vercel-dns-016.com,0
https://nflximg.com,0
https://duolingo.com,0
https://sohu.com,0
https://firetvcaptiveportal.com,0
https://arxiv.org,0
https://dual-s-msedge.net,0
https://cnbc.com,0
https://kwai.net,0
https://bdydns.com,0
https://statista.com,0
https://list-manage.com,0
https://addtoany.com,0
https://ietf.org,0
https://sc-gw.com,0
https://nease.net,0
https://quora.com,0
https://amazon.co.jp,0
https://scribd.com,0
https://mcafee.com,0
https://adriver.ru,0
https://okta.com,0
https://ivi.ru,0
https://atlassian.net,0
https://dynatrace.com,0
https://duckduckgo.com,0
https://npr.org,0
https://mediatek.com,0
https://docker.com,0
https://shein.com,0
https://markmonitor.com,0
https://libp2p.direct,0
https://impervadns.net,0
https://run.app,0
https://ampproject.org,0
https://eventbrite.com,0
https://stackoverflow.com,0
https://behance.net,0
https://google.de,0
https://foxnews.com,0
https://mysql.com,0
https://indiatimes.com,0
https://amzn.to,0
https://squarespacedns.com,0
https://gosuslugi.ru,0
https://exp-tas.com,0
https://ui-dns.com,0
https://discord.media,0
https://ngenix.net,0
https://mynetname.net,0
https://tplinkcloud.com,0
https://ipv4only.arpa,0
https://ft.com,0
https://trendmicro.com,0
https://slideshare.net,0
https://elasticbeanstalk.com,0
https://adobedtm.com,0
https://amazon.co.za,0
https://capcut.com,0
https://noaa.gov,0
https://on.aws,0
https://visualstudio.com,0
https://openx.net,0
https://google.com.hk,0
https://netflix.net,0
https://translate.goog,0
https://firefox.com,0
https://share.google,0
https://oup.com,0
https://squarespace.com,0
https://fandom.com,0
https://spo-msedge.net,0
https://jquery.com,0
https://adobedc.net,0
https://wired.com,0
https://fast.com,0
https://icloud-content.com,0
https://blogger.com,0
https://shop.app,0
https://vidaahub.com,0
https://palmplaystore.com,0
https://whecloud.com,0
https://tandfonline.com,0
https://azure-dns.com,0
https://live.net,0
https://hicloud.com,0
https://360yield.com,0
https://uol.com.br,0
https://myhuaweicloud.com,0
https://grammarly.com,0
https://oraclecloud.com,0
https://eset.com,0
https://svc.ms,0
https://time.com,0
https://rakuten.co.jp,0
https://nstld.com,0
https://ioref.io,0
https://qlivecdn.com,0
https://deviantart.com,0
https://cornell.edu,0
https://yahoodns.net,0
https://aboutads.info,0
https://usatoday.com,0
https://sberbank.ru,0
https://digitalocean.com,0
https://t-msedge.net,0
https://teamviewer.com,0
https://supertms.com,0
https://cookielaw.org,0
https://bitrix24.ru,0
https://tripadvisor.com,0
https://target.com,0
https://easebar.com,0
https://e2ro.com,0
https://my.com,0
https://dreamhost.com,0
https://free.fr,0
https://3lift.com,0
https://rlcdn.com,0
https://pushy.io,0
https://klaviyo.com,0
https://hotjar.com,0
https://ca.gov,0
https://braze.com,0
https://vercel-dns-3.com,0
https://imgsmail.ru,0
https://cdn20.com,0
https://patreon.com,0
https://ieee.org,0
https://berkeley.edu,0
https://bx-msedge.net,0
https://avito.ru,0
https://xiaomi.net,0
https://playstation.com,0
https://footprintdns.com,0
https://telegraph.co.uk,0
https://samsungapps.com,0
https://mdpi.com,0
https://anthropic.com,0
https://cdnvideo.ru,0
https://skybridge.click,0
https://threads.com,0
https://wswebcdn.com,0
https://h264.io,0
https://2gis.com,0
https://openstreetmap.org,0
https://nintendo.com,0
https://force.com,0
https://bitdefender.net,0
https://atlassian.com,0
https://amazon.fr,0
https://alicdn.com,0
https://wix.com,0
https://onetrust.com,0
https://accuweather.com,0
https://mega.co.nz,0
https://sharethrough.com,0
https://doctolib.fr,0
https://unesco.org,0
https://ikea.com,0
https://dyndns.org,0
https://branch.io,0
https://nike.com,0
https://msidentity.com,0
https://withgoogle.com,0
https://jotform.com,0
https://tencent.com,0
https://xhamster.com,0
https://loc.gov,0
https://bytedns1.com,0
https://comcast.com,0
https://shopee.com.br,0
https://amazon.ca,0
https://sagepub.com,0
https://scdn.co,0
https://googletagservices.com,0
https://ovh.net,0
https://mhverifier.ru,0
https://ups.com,0
https://allegro.pl,0
https://techcrunch.com,0
https://xboxlive.com,0
https://bidswitch.net,0
https://vercel.app,0
https://redhat.com,0
https://yelp.com,0
https://resolver.arpa,0
https://vercel-dns-017.com,0
https://intercom.io,0
https://uk.com,0
https://britannica.com,0
https://att.com,0
https://featureassets.org,0
https://vedsalb.com,0
https://service.gov.uk,0
https://stackadapt.com,0
https://elpais.com,0
https://telephony.goog,0
https://surveymonkey.com,0
https://primevideo.com,0
https://cmediahub.ru,0
https://ks-cdn.com,0
https://anydesk.com,0
https://bunnyinfra.net,0
https://pvp.net,0
https://dailymail.co.uk,0
https://viber.com,0
https://cambridge.org,0
https://share-dns.com,0
https://perplexity.ai,0
https://geobasket.ru,0
https://hihonorcloud.com,0
https://imgur.com,0
https://googlezip.net,0
https://360.cn,0
https://amazon.in,0
https://outbrain.com,0
https://hstgr.net,0
https://optimizely.com,0
https://wp.pl,0
https://linode.com,0
https://browser-intake-datadoghq.com,0
https://dotomi.com,0
https://typekit.net,0
https://vkontakte.ru,0
https://consultant.ru,0
https://twimg.com,0
https://alipaydns.com,0
https://seznam.cz,0
https://cdnhwc1.com,0
https://wps.com,0
https://cbsnews.com,0
https://samsungacr.com,0
https://dailymail.com,0
https://lemonde.fr,0
https://wpguardian.io,0
https://kick.com,0
https://fontawesome.com,0
https://id5-sync.com,0
https://fb.com,0
https://sophos.com,0
https://marriott.com,0
https://pinimg.com,0
https://iso.org,0
https://ring.com,0
https://webempresa.eu,0
https://amazon.es,0
https://nel.goog,0
https://ya.ru,0
https://uber.com,0
https://cnet.com,0
https://quantserve.com,0
https://amazon.it,0
https://bamgrid.com,0
https://independent.co.uk,0
https://asus.com,0
https://itch.io,0
https://mailchimp.com,0
https://hostgator.com.br,0
https://wpguardian.com,0
https://dbankcloud.com,0
https://verisign.com,0
https://globalsign.com,0
https://stripchat.com,0
https://mlb.com,0
https://creativecdn.com,0
https://githubusercontent.com,0
https://oxylabs.io,0
https://shopee.co.id,0
https://agkn.com,0
https://nmrodam.com,0
https://g.co,0
https://1rx.io,0
https://bidr.io,0
https://imrworldwide.com,0
https://bandcamp.com,0
https://zillow.com,0
https://python.org,0
https://crwdcntrl.net,0
https://safebrowsing.apple,0
https://google.co.uk,0
https://bugsnag.com,0
https://grammarly.io,0
https://wattpad.com,0
https://homedepot.com,0
https://lijit.com,0
https://porkbun.com,0
https://steamstatic.com,0
https://curseforge.com,0
https://bestbuy.com,0
https://gumgum.com,0
https://ddnss.de,0
https://bild.de,0
https://mediafire.com,0
https://criteo.net,0
https://cursor.sh,0
https://usgovcloudapi.net,0
https://herokudns.com,0
https://usercontent.goog,0
https://box.com,0
https://akamaitech.net,0
https://fda.gov,0
https://nikkei.com,0
https://wcdnga.com,0
https://sedo.com,0
https://ovscdns.com,0
https://singular.net,0
https://appcenter.ms,0
https://allaboutcookies.org,0
https://ozone.ru,0
https://shopeemobile.com,0
https://craigslist.org,0
https://mckinsey.com,0
https://ted.com,0
https://buydomains.com,0
https://fiverr.com,0
https://airbnb.com,0
https://sc-cdn.net,0
https://lenovo.com,0
https://eeroup.com,0
https://blackhub.team,0
https://apnews.com,0
https://google.com.br,0
https://liadm.com,0
https://visma.com,0
https://recaptcha.net,0
https://rt.ru,0
https://welt.de,0
https://no-ip.com,0
https://ameblo.jp,0
https://mixpanel.com,0
https://networkadvertising.org,0
https://adjust.com,0
https://adform.net,0
https://disneyplus.com,0
https://people.com,0
https://spiegel.de,0
https://ad-tech.ru,0
https://wb.ru,0
https://xbox.com,0
https://moloco.com,0
https://rakuten.com,0
https://prnewswire.com,0
https://parklogic.com,0
https://erome.com,0
https://33across.com,0
https://zoho.com,0
https://teads.tv,0
https://usps.com,0
https://a-mo.net,0
https://discordapp.com,0
https://daum.net,0
https://keenetic.io,0
https://unpkg.com,0
https://academia.edu,0
https://cloudsink.net,0
https://vivo.com.cn,0
https://liftoff.io,0
https://orderbox-dns.com,0
https://grab.co,0
https://goskope.com,0
https://ryanair.com,0
https://deepl.com,0
https://blackberry.com,0
https://odoo.com,0
https://lefigaro.fr,0
https://turn.com,0
https://me.com,0
https://focus.de,0
https://a-msedge.net,0
https://lgtvcommon.com,0
https://opera-api2.com,0
https://theverge.com,0
https://usda.gov,0
https://amazon.com.au,0
https://onlyfans.com,0
https://agoda.com,0
https://mercadolivre.com.br,0
https://livejournal.com,0
https://discogs.com,0
https://expedia.com,0
https://onetag-sys.com,0
https://zoom.com,0
https://jetbrains.com,0
https://amazon.com.br,0
https://ebay.co.uk,0
https://it.com,0
https://adgrx.com,0
https://pexels.com,0
https://abovedomains.com,0
https://xvideos.com,0
https://chess.com,0
https://ebay.de,0
https://yellowblue.io,0
https://figma.com,0
https://nintendo.net,0
https://lg.com,0
https://att.net,0
https://pikabu.ru,0
https://hbr.org,0
https://synology.com,0
https://fbsbx.com,0
https://disqus.com,0
https://appspot.com,0
https://frontiersin.org,0
https://ys7.com,0
https://life360.com,0
https://myspace.com,0
https://nbcnews.com,0
https://www.gov.br,0
https://spotifycdn.com,0
https://tbank.ru,0
https://biblegateway.com,0
https://azure-devices.net,0
https://msftauth.net,0
https://mayoclinic.org,0
https://ssl-images-amazon.com,0
https://washington.edu,0
https://bankofamerica.com,0
https://pendo.io,0
https://360safe.com,0
https://readthedocs.io,0
https://pornhub.com,0
https://agora.io,0
https://immedia-semi.com,0
https://pccc.com,0
https://dnse0.com,0
https://princeton.edu,0
https://worldbank.org,0
https://kleinanzeigen.de,0
https://zpath.net,0
https://dbankcloud.ru,0
https://meta.com,0
https://dv.tech,0
https://coupang.com,0
https://amagi.tv,0
https://fwmrm.net,0
https://internetwarriors.net,0
https://queniuaa.com,0
https://wyzecam.com,0
https://t-s1-msedge.net,0
https://latimes.com,0
https://arcgis.com,0
https://eu-1-id5-sync.com,0
https://herokuapp.com,0
https://lwsdns.com,0
https://samsungiotcloud.com,0
https://starlink.com,0
https://bytefcdn.com,0
https://playrix.com,0
https://qualtrics.com,0
https://samsungosp.com,0
https://auvik.com,0
https://hilton.com,0
https://seedtag.com,0
https://fifa.com,0
https://onet.pl,0
https://smartthings.com,0
https://docker.io,0
https://epa.gov,0
https://volcgslb.com,0
https://tiktokw.us,0
https://miwifi.com,0
https://flashtalking.com,0
https://genius.com,0
https://dnse2.com,0
https://zenecn.net,0
https://netlify.app,0
https://deloitte.com,0
https://youku.com,0
https://lowes.com,0
https://go-mpulse.net,0
https://state.gov,0
https://epam.com,0
https://leiniao.com,0
https://eporner.com,0
https://sentinelone.net,0
https://webmd.com,0
https://tailscale.com,0
https://mercadolibre.com.ar,0
https://character.ai,0
https://kunluncan.com,0
https://chaturbate.com,0
https://beyondwickedmapping.org,0
https://aiv-delivery.net,0
https://mailchi.mp,0
https://jd.com,0
https://fidelity.com,0
https://note.com,0
https://cdn-vk.ru,0
https://thenai.org,0
https://hm.com,0
https://repubblica.it,0
https://xerox.com,0
https://change.org,0
https://xhamster46.desi,0
https://ancestry.com,0
https://investopedia.com,0
https://trendyol.com,0
https://4dex.io,0
https://nexusmods.com,0
https://xnxx.com,0
https://corriere.it,0
https://ubi.com,0
https://nationalgeographic.com,0
https://ln-msedge.net,0
https://caixa.gov.br,0
https://stbid.ru,0
https://presage.io,0
https://btloader.com,0
https://healthline.com,0
https://tsyndicate.com,0
https://ddns.net,0
https://otto.de,0
https://kwai.com,0
https://sofascore.com,0
https://bol.com,0
https://opera-api.com,0
https://app-ads-services.com,0
https://pixiv.net,0
https://conviva.com,0
https://transsion-os.com,0
https://weforum.org,0
https://flightradar24.com,0
https://faphouse.com,0
https://elmundo.es,0
https://bytefcdn-ttpus.com,0
https://cdnhwc2.com,0
https://warnerbros.com,0
https://nexthink.cloud,0
https://eu.com,0
https://nextlgsdp.com,0
https://binance.com,0
https://tplinknbu.com,0
https://heytapmobi.com,0
https://flashscore.com,0
https://smaato.net,0
https://gtm-a2b2.com,0
https://xhcdn.com,0
https://onesignal.com,0
https://gotinder.com,0
https://costco.com,0
https://flipkart.com,0
https://ox.ac.uk,0
https://statcounter.com,0
https://archiveofourown.org,0
https://segment.io,0
https://wscvip.cn,0
https://tiktokpangle.us,0
https://youronlinechoices.com,0
https://xing.com,0
https://themeforest.net,0
https://infobae.com,0
https://ecosia.org,0
https://theatlantic.com,0
https://shopee.ph,0
https://whitehouse.gov,0
https://nextcloud.com,0
https://spamhaus.org,0
https://amemv.com,0
https://kwcdn.com,0
https://one.com,0
https://magnit.ru,0
https://bidmachine.io,0
https://freepik.com,0
https://incapdns.net,0
https://columbia.edu,0
https://docomo.ne.jp,0
https://cloudinary.com,0
https://zhihu.com,0
https://vk-analytics.ru,0
https://amazon.com.mx,0
https://olx.com.br,0
https://interia.pl,0
https://garmin.com,0
https://statuspage.io,0
https://umich.edu,0
https://kohls.com,0
https://poki.com,0
https://pbs.org,0
https://kontur.ru,0
https://letterboxd.com,0
https://moneycontrol.com,0
https://epicgames.dev,0
https://wise.com,0
https://xhamster.desi,0
https://skroutz.gr,0
https://bund.de,0
https://douyinvod.com,0
https://app-analytics-services-att.com,0
https://samsungcloudsolution.net,0
https://ltwebstatic.com,0
https://n-tv.de,0
https://redfin.com,0
https://webhostbox.net,0
https://alphonso.tv,0
https://tubi.io,0
https://netgear.com,0
https://tiktokrow-cdn.com,0
https://ouest-france.fr,0
https://merriam-webster.com,0
https://adblockplus.org,0
https://terra.com.br,0
https://i18n-pglstatp.com,0
https://ameba.jp,0
https://as.com,0
https://maricopa.gov,0
https://mobolize.com,0
https://bfmtv.com,0
https://marca.com,0
https://goal.com,0
https://mps.gov.cn,0
https://riotgames.com,0
https://huffpost.com,0
https://kslawin.com,0
https://ilovepdf.com,0
https://crazygames.com,0
https://google.fr,0
https://rocketmoney.dev,0
https://giphy.com,0
https://theconversation.com,0
https://ovscdns.net,0
https://plex.direct,0
https://netcraze.io,0
https://oecd.org,0
https://mi-img.com,0
https://tabelog.com,0
https://ubnt.com,0
https://supabase.co,0
https://aparat.com,0
https://tesla.com,0
https://olx.pl,0
https://finn.no,0
https://inkuai.com,0
https://wbbasket.ru,0
https://tnaflix.com,0
https://lge.com,0
https://wetteronline.de,0
https://t-mobile.com,0
https://ultimate-guitar.com,0
https://company-target.com,0
https://contentsquare.net,0
https://skysports.com,0
https://kickstarter.com,0
https://singtelchina.cn,0
https://cookpad.com,0
https://mythad.com,0
https://gofundme.com,0
https://safety.google,0
https://alipay.com,0
https://superhosting.bg,0
https://gsmarena.com,0
https://xiaohongshu.com,0
https://xhaccess.com,0
https://b-msedge.net,0
https://lanacion.com.ar,0
https://jimdo.com,0
https://usercentrics.eu,0
https://zijieapi.com,0
https://instructure.com,0
https://hltv.org,0
https://apa.org,0
https://us.com,0
https://huggingface.co,0
https://magnific.com,0
https://typeform.com,0
https://amd.com,0
https://nsone.net,0
https://nypost.com,0
https://vivo.com,0
https://samsungcloud.tv,0
https://mercadolibre.com.mx,0
https://hotpepper.jp,0
https://cspserver.net,0
https://digitaloceanspaces.com,0
https://meethue.com,0
https://paramountplus.com,0
https://byteoversea.com,0
https://dnse1.com,0
https://letsencrypt.org,0
https://azure.net,0
https://msauth.net,0
https://rbc.ru,0
https://clarin.com,0
https://inven.co.kr,0
https://he.net,0
https://icanhazip.com,0
https://yastatic.net,0
https://namecheaphosting.com,0
https://google.ca,0
https://pimpbunny.com,0
https://dafont.com,0
https://cricinfo.com,0
https://susercontent.com,0
https://orange.fr,0
https://plos.org,0
https://megafon.ru,0
https://yale.edu,0
https://aftonbladet.se,0
https://gismeteo.ru,0
https://wetter.com,0
https://xhamster2.com,0
https://cbc.ca,0
https://tbs.co.jp,0
https://jw.org,0
https://tabor.ru,0
https://xhname.com,0
https://itmedia.co.jp,0
https://rings.solutions,0
https://economist.com,0
https://dmm.co.jp,0
https://ad.nl,0
https://hugedomains.com,0
https://elconfidencial.com,0
https://vnexpress.net,0
https://nu.nl,0
https://xhamster19.com,0
https://sahibinden.com,0
https://yieldmo.com,0
https://fortune.com,0
https://rule34.xxx,0
https://fmkorea.com,0
https://spankbang.com,0
https://indiamart.com,0
https://leboncoin.fr,0
https://pandora.com,0
https://auth0.com,0
https://dcinside.com,0
https://xhtotal.com,0
https://janitorai.com,0
https://service-now.com,0
https://siemens.com,0
https://fb.me,0
https://sectigo.com,0
https://pornpics.com,0
https://rightmove.co.uk,0
https://lequipe.fr,0
https://vg.no,0
https://adguard-vpn.online,0
https://dlsite.com,0
https://xhopen.com,0
https://xserver.jp,0
https://coursera.org,0
https://phncdn.com,0
https://ay267.com,0
https://upenn.edu,0
https://adfuse-ssp.com,0
https://acesso.gov.br,0
https://lichess.org,0
https://remove.bg,0
https://dribbble.com,0
https://meesho.com,0
https://namu.wiki,0
https://marktplaats.nl,0
https://myntra.com,0
https://kakao.com,0
https://mioffice.cn,0
https://rutube.ru,0
https://xhspot.com,0
https://tinkoff.ru,0
https://gazzetta.it,0
https://savefrom.net,0
https://kernel.org,0
https://tradplusad.com,0
https://vscode-cdn.net,0
https://psychologytoday.com,0
https://blackberry.net,0
https://google.co.jp,0
https://divar.ir,0
https://adaether.com,0
https://idealista.com,0
https://wswebpic.com,0
https://fetlife.com,0
https://amap.com,0
https://mybluehost.me,0
https://furaffinity.net,0
https://xhamster1.desi,0
https://boyfriendtv.com,0
https://alikunlun.com,0
https://tendawifi.com,0
https://hln.be,0
https://argos.co.uk,0
https://rfc-editor.org,0
https://px-cloud.net,0
https://admin.ch,0
https://jusbrasil.com.br,0
https://litnet.com,0
https://mundodeportivo.com,0
https://tori.fi,0
https://wiktionary.org,0
https://livedoor.com,0
https://ap4r.com,0
https://wshifen.com,0
https://livescore.com,0
https://postgresql.org,0
https://fanfiction.net,0
https://abc.net.au,0
https://labs.google,0
https://youporn.com,0
https://ladepeche.fr,0
https://bbb.org,0
https://waze.com,0
https://xhsocial.com,0
https://emag.ro,0
https://digikala.com,0
https://deepseek.com,0
https://privacy-mgmt.com,0
https://naukri.com,0
https://psu.edu,0
https://themoviedb.org,0
https://makemytrip.com,0
https://biomedcentral.com,0
https://canada.ca,0
https://cricbuzz.com,0
https://id.me,0
https://beboo.ru,0
https://noodlemagazine.com,0
https://websitewelcome.com,0
https://xhtv.today,0
https://polybuzz.ai,0
https://hai8g.com,0
https://cdiscount.com,0
https://actu.fr,0
https://rustdesk.com,0
https://bilibili.tv,0
https://mmechocaptiveportal.com,0
https://oneme.ru,0
https://datadome.co,0
https://edna.ru,0
https://f95zone.to,0
https://ctdns.cn,0
https://ilfattoquotidiano.it,0
https://xvideos-cdn.com,0
https://justdial.com,0
https://xham.live,0
https://donmai.us,0
https://luugy.com,0
https://faphouse2.com,0
https://arca.live,0
https://grow.google,0
https://suumo.jp,0
https://playhop.com,0
https://bmj.com,0
https://rajasthan.gov.in,0
https://jstor.org,0
https://rtve.es,0
https://sotwe.com,0
https://meteofrance.com,0
https://mydramalist.com,0
https://pornone.com,0
https://epcco.com.sa,0
https://lookmovie2.to,0
https://dyingbirds.com,0
https://akahost.net,0
https://rambler.ru,0
https://netkeiba.com,0
https://gst.gov.in,0
https://calculator.net,0
https://aternos.org,0
https://publicnode.com,0
https://charter.net,0
https://youjizz.com,0
https://funpay.com,0
https://tgju.org,0
https://bihar.gov.in,0
https://hollywoodbets.net,0
https://thisvid.com,0
https://ruliweb.com,0
https://subito.it,0
https://vercel-dns.com,0
https://ovhcloud.com,0
https://leroymerlin.fr,0
https://jalan.net,0
https://mediaexpert.pl,0
https://e621.net,0
https://aznude.com,0
https://asurascans.com,0
https://varzesh3.com,0
https://weathernews.jp,0
https://riotcdn.net,0
https://sport.es,0
https://huffingtonpost.com,0
https://tapad.com,0
https://locaweb.com.br,0
https://navitime.co.jp,0
https://turkiye.gov.tr,0
https://karnataka.gov.in,0
https://redtube.com,0
https://xxxbp.tv,0
https://businesswire.com,0
https://irs.gov,0
https://nesine.com,0
https://fdown.net,0
https://comix.to,0
https://pornhub.org,0
https://missav.ws,0
https://e-hentai.org,0
https://sportybet.com,0
https://haberler.com,0
https://oricon.co.jp,0
https://rule34video.com,0
https://sex-studentki.team,0
https://vivox.com,0
https://rustore.ru,0
https://cardgames.io,0
https://bookmyshow.com,0
https://platorelay.com,0
https://novinky.cz,0
https://mbga.jp,0
https://tenki.jp,0
https://ultradns.com,0
https://nikkansports.com,0
https://incometax.gov.in,0
https://sexvid.xxx,0
https://okdiario.com,0
https://dagbladet.no,0
https://ilmeteo.it,0
https://idealista.it,0
https://9ffyu1g9c.com,0
https://mangabuff.ru,0
https://syosetu.com,0
https://dw.com,0
https://zozo.jp,0
https://cronista.com,0
https://admanmedia.com,0
https://uidai.gov.in,0
https://xhwide.com,0
https://zedge.net,0
https://inleed.net,0
https://inps.it,0
https://ukdevilz.com,0
https://playfabapi.com,0
https://property24.com,0
https://action.com,0
https://porno365.golf,0
https://iltalehti.fi,0
https://nosv.org,0
https://cam.ac.uk,0
https://otomoto.pl,0
https://hik-connect.com,0
https://protothema.gr,0
https://leparisien.fr,0
https://aljazeera.com,0
https://ixxx.com,0
https://jutarnji.hr,0
https://ficbook.net,0
https://sozcu.com.tr,0
https://bing.net,0
https://xnxx.tv,0
https://betway.co.za,0
https://index.hr,0
https://24h.com.vn,0
https://blic.rs,0
https://3bmeteo.com,0
https://loobygamesonline.com,0
https://evo-games.com,0
https://moe.video,0
https://elsevier.com,0
https://beget.ru,0
https://omg10.com,0
https://gamewith.jp,0
https://fpo.xxx,0
https://iana.org,0
https://t-bank-app.ru,0
https://cardmarket.com,0
https://carsensor.net,0
https://filmweb.pl,0
https://ssstik.io,0
https://fapello.com,0
https://hitomi.la,0
https://gcash.com,0
https://attn.tv,0
https://google.co.in,0
https://imagefap.com,0
https://jagran.com,0
https://utorrent.com,0
https://pussyspace.com,0
https://luxuretv.com,0
https://jable.tv,0
https://hdporncomics.com,0
https://fedoraproject.org,0
https://inxxx.com,0
https://ekstrabladet.dk,0
https://toyhou.se,0
https://theblowers.com,0
https://ahacdn.me,0
https://leroymerlin.es,0
https://xvv1deos.com,0
https://kooora.com,0
https://iporntv.net,0
https://klikbca.com,0
https://letsporn.com,0
https://txnhh.com,0
https://xvideos2.com,0
https://superporn.com,0
https://epfindia.gov.in,0
https://hdtube.porn,0
https://liteapks.com,0
https://crn77.com,0
https://bookmark.xxx,0
https://markt.de,0
https://nfse.gov.br,0
https://rat.xxx,0
https://hostpoint.ch,0
https://bblaa.com,0
https://eenadu.net,0
https://sxyprn.com,0
https://dogdrip.net,0
https://upskirt.tv,0
https://ppomppu.co.kr,0
https://eci.gov.in,0
https://testbook.com,0
https://xnxx2.com,0
https://xnxx.health,0
https://mangago.me,0
https://torob.com,0
https://jamfcloud.com,0
https://ioh.co.id,0
https://xvideos.es,0
https://simpcity.cr,0
https://wpastra.com,0
https://xnxx.es,0
https://myinstants.com,0
https://spankbang.party,0
https://cmoa.jp,0
https://missav.live,0
https://ucla.edu,0
https://akamaitechnologies.com,0
https://immobiliare.it,0
https://1mg.com,0
https://kaspi.kz,0
https://wb.gov.in,0
https://ptt.cc,0
https://xnxx-arabic.com,0
https://missav.ai,0
https://exhentai.org,0
https://joyclub.de,0
https://fatalmodel.com,0
https://programme-tv.net,0
https://18comic.vip,0
https://tremorhub.com,0
https://missav123.com,0
https://iau.ir,0
https://sondakika.com,0
https://umn.edu,0
https://hanime1.me,0
https://buzzfeed.com,0
https://bt.dk,0
https://up.gov.in,0
https://linkis.ru,0
https://musicdel.ir,0
https://cityheaven.net,0
https://tokyomotion.net,0
https://sexlog.com,0
https://shahvani.com,0
https://absher.sa,0
https://aajtak.in,0
https://casinoplus.com.ph,0
https://ninisite.com,0
https://twilio.com,0
https://wisc.edu,0
https://luticlip.com,0
https://goodreturns.in,0
https://indianrail.gov.in,0
https://_wildcard_.ph,0
https://twpornstars.com,0
https://listcrawler.eu,0
https://rakuten-sec.co.jp,0
https://parivahan.gov.in,0
https://fuq.com,0
https://wnacg.com,0
https://czbooks.net,0
https://kakuyomu.jp,0
https://croxyproxy.com,0
https://sinoptik.ua,0
https://snaptik.app,0
https://afip.gob.ar,0
https://mat6tube.com,0
https://qorno.com,0
https://bikewale.com,0
https://porn300.com,0
https://therapservices.net,0
https://theqoo.net,0
https://myreadingmanga.info,0
https://trilltrill.jp,0
https://aka.ms,0
https://osym.gov.tr,0
https://google.nl,0
https://archive.is,0
https://tjk.org,0
https://serviporno.com,0
https://site.com,0
https://fastdl.app,0
https://autoplius.lt,0
https://dns-shop.ru,0
https://porno666.fo,0
https://tupi.fm,0
https://ladies.de,0
https://syosetu.org,0
https://meteociel.fr,0
https://bingoplus.com,0
https://oddspark.com,0
https://screener.in,0
https://kompoz2.com,0
https://nya2.com,0
https://imgsrc.ru,0
https://usnews.com,0
https://jav.guru,0
https://skokka.com,0
https://pussyboy.net,0
https://mamastar.jp,0
https://betika.com,0
https://overwolf.com,0
https://chordtela.com,0
https://everesttech.net,0
https://desitales2.com,0
https://xxxvideo.link,0
https://anybunny.org,0
https://indiansexstories3.com,0
https://skelbiu.lt,0
https://freewebnovel.com,0
https://freepornvideo.sex,0
https://search-start.org,0
https://okxxx1.com,0
https://indoav.com,0
https://supjav.com,0
https://notion.com,0
https://lk21official.cc,0
https://redwap.sex,0
https://wonporn.com,0
https://sexalarab.com,0
https://mgslb.com,0
https://ey43.com,0
https://kingbokep.tv,0
https://njavtv.com,0
https://ijavhd.com,0
https://arabx.cam,0
https://colliderporn.com,0
https://hotxv.com,0
https://ss.com,0
https://tiktokio.com,0
https://fabswingers.com,0
https://girlschannel.net,0
https://goojara.to,0
https://sun.com,0
https://mechacomic.jp,0
https://arabxn.sex,0
https://publi24.ro,0
https://sexnyk.com,0
https://piccoma.com,0
https://letras.mus.br,0
https://lecturas.com,0
https://ptgaming.ph,0
https://xvideos-ar.com,0
https://smadex.com,0
https://uci.edu,0
https://nustargame.com,0
https://jra.go.jp,0
https://arabtnt.com,0
https://xorgasmo.com,0
https://googll.store,0
https://alphapolis.co.jp,0
https://taktube.net,0
https://ewaybillgst.gov.in,0
https://darkero.com,0
https://kir2kos.net,0
https://mileroticos.com,0
https://an1.com,0
https://patria.org.ve,0
https://eepurl.com,0
https://hentai.name,0
https://acm.org,0
https://bakusai.com,0
https://turbo.az,0
https://xxx18hot.com,0
https://skipthegames.com,0
https://zbporn.tv,0
https://rayjump.com,0
https://flashscore.mobi,0
https://flashscore.fr,0
https://betking.com,0
https://zebawy.com,0
https://xosodaiphat.com,0
https://sapo.pt,0
https://sportfilm800.com,0
https://afribaba.com,0
https://xpaja.net,0
https://keirin.jp,0
https://arbada.com,0
https://ecnavi.jp,0
https://salonboard.com,0
https://jra.jp,0
https://arionplay.com,0
https://escort.club,0
https://kemkes.go.id,0
https://digitallocker.gov.in,0
https://dto.jp,0
https://betano.pe,0
https://promiedos.com.ar,0
https://indown.io,0
https://twkan.com,0
https://animanch.com,0
https://choiceadvantage.com,0
https://livescore.cz,0
https://eroterest.net,0
https://betpawa.ug,0
https://eff.org,0
https://archive.ph,0
https://sarkariresult.com.cm,0
https://tjsp.jus.br,0
https://momon-ga.com,0
https://manhwaweb.com,0
https://goal7.co,0
https://humoruniv.com,0
https://pmkisan.gov.in,0
https://bancodevenezuela.com,0
https://ojogodobicho.com,0
https://xsmn.mobi,0
https://pornobrasil.com,0
https://33apk.com,0
https://fabguys.com,0
https://hdhub4u.cl,0
https://espn.com.ve,0
https://betano.bet.ar,0
https://rexporn.sex,0
https://minhngoc.net.vn,0
https://csc.gov.in,0
https://ftc.gov,0
https://xoso.com.vn,0
https://packzy.com,0
https://triunfobet.com,0
https://mobiledokan.com,0
https://dord.gov.in,0
https://thscore99.com,0
https://kinnser.net,0
https://koselarab.com,0
https://kqbd.mobi,0
https://linkmake.in,0
https://site777.jp,0
https://filesdl.top,0
https://simontokx.asia,0
https://az24.vn,0
https://gree-apps.net,0
https://annunci69.it,0
https://albumaty.com,0
https://pagibigfundservices.com,0
https://pitc.com.pk,0
https://tamildhool.tech,0
https://pornoborshch.com,0
https://xahani.com,0
https://xxxhindi.to,0
https://scan-manga.com,0
https://battle.net,0
https://tamilsexzone.com,0
https://xxxpostpic.org,0
https://bpcl.in,0
https://sattamatkadpboss.mobi,0
https://yasyadong02.tv,0
https://loteriadehoy.com,0
https://satta-king-fast.com,0
https://cbl.gov.ly,0
https://javwow.com,0
https://dpbossss.boston,0
https://vnsextop1.com,0
https://downloadpage.xyz,0
https://javsub.blog,0
https://freesexkahani.com,0
https://antarvasna3.com,0
https://newtoki1.org,0
https://maynoe.com,0
https://desitelugusex.com,0
https://sexvid1.com,0
https://staseraintv.com,0
https://bpexch.live,0
https://xn--12c1ezaww.com,0
https://xn--42cf7cgd7gxbd4m7c.cc,0
https://bhojpurisex.site,0
https://sambad.com,0
https://stackexchange.com,0
https://sexmupxinh.net,0
https://mobcup.fm,0
https://mangaraw.ac,0
https://rsch.jp,0
https://gree-pf.net,0
https://shutterstock.com,0
https://akismet.com,0
https://filmyfly.soy,0
https://ad-contents.jp,0
https://xvideo.vlog.br,0
https://playinboss.com,0
https://sattamatkano1.me,0
https://xxxvideosind.com,0
https://douyin.com,0
https://kolkataff.tv,0
https://gartner.com,0
https://avira.com,0
https://idnes.cz,0
https://franceinfo.fr,0
https://va.gov,0
https://enable-javascript.com,0
https://threads.net,0
https://google.ru,0
https://ico.org.uk,0
https://startappservice.com,0
https://xfinity.com,0
https://nelreports.net,0
https://hh.ru,0
https://hover.com,0
https://tawk.to,0
https://apdcdn.com,0
https://vmware.com,0
https://verify.hn,0
https://qcloud.com,0
https://adroll.com,0
https://apigee.net,0
https://technorail.com,0
https://contextweb.com,0
https://max.ru,0
https://fao.org,0
https://googleapis.cn,0
https://rfihub.com,0
https://adobestats.io,0
https://cmu.edu,0
https://kargo.com,0
https://azure-api.net,0
https://bitdefender.com,0
https://w3schools.com,0
https://medallia.com,0
https://edgecastdns.net,0
https://your-server.de,0
https://gpcloudservice.com,0
https://google.es,0
https://rapid7.com,0
https://fedex.com,0
https://intercom.com,0
https://newsweek.com,0
https://restream-media.net,0
https://rncdn7.com,0
https://nrk.no,0
https://acs.org,0
https://pluto.tv,0
https://mongodb.com,0
https://dns.cn,0
https://newyorker.com,0
https://sciencedaily.com,0
https://mercadolibre.com,0
https://elster.de,0
https://166.com,0
https://avito.st,0
https://hubspotemail.net,0
https://ak-is2.net,0
https://deezer.com,0
https://api.aws,0
https://1c.ru,0
https://jino.ru,0
https://dbankcloud.cn,0
https://trello.com,0
https://ruidongcloud.com,0
https://dns.eu,0
https://sendgrid.net,0
https://yr.no,0
https://fc2.com,0
https://firebaseio.com,0
https://unrulymedia.com,0
https://trustarc.com,0
https://moodle.org,0
https://ipredictive.com,0
https://home.pl,0
https://julydns.com,0
https://badoo.com,0
https://ns1p.net,0
https://pusher.com,0
https://donga.com,0
https://ovh.com,0
https://pewresearch.org,0
https://omnitagjs.com,0
https://zenlogic.net,0
https://plex.tv,0
https://nps.gov,0
https://split.io,0
https://arstechnica.com,0
https://livechatinc.com,0
https://beeline.ru,0
https://zdnet.com,0
https://vtwenty.com,0
https://marketwatch.com,0
https://sitescout.com,0
https://geocities.com,0
https://amp-endpoint2.com,0
https://giex.ru,0
https://yimg.com,0
https://register.com,0
https://office365.us,0
https://bytefcdn-ttpeu.com,0
https://investing.com,0
https://utexas.edu,0
https://adrta.com,0
https://elegantthemes.com,0
https://mathtag.com,0
https://samsungknox.com,0
https://mega.nz,0
https://wps.cn,0
https://kueezrtb.com,0
https://usercontent.microsoft,0
https://indexww.com,0
https://uchicago.edu,0
https://udemy.com,0
https://amocrm.ru,0
https://sinaedge.com,0
https://rzone.de,0
https://ynet.co.il,0
https://google.it,0
https://shopifycloud.com,0
https://sweb.ru,0
https://ucsd.edu,0
https://gdemoideti.ru,0
https://clevelandclinic.org,0
https://akamai.com,0
https://sedoparking.com,0
https://tdnsstic1.cn,0
https://scientificamerican.com,0
https://ctadns.cn,0
https://fb.watch,0
https://opera.software,0
https://manulife-sinochem.com,0
https://wikihow.com,0
https://si.edu,0
https://xinhuanet.com,0
https://vice.com,0
https://zalando.de,0
https://sciencemag.org,0
https://norton.com,0
https://hulu.com,0
https://bigcommerce.com,0
https://litix.io,0
https://russianpost.ru,0
https://pubmnet.com,0
https://1drv.com,0
https://mapbox.com,0
https://poste.it,0
https://iqiyi.com,0
https://beget.com,0
https://igamecj.com,0
https://usgs.gov,0
https://sky.com,0
https://orcid.org,0
https://www.nhs.uk,0
https://themeisle.com,0
https://cloud.com,0
https://thelancet.com,0
https://deepintent.com,0
https://tld-servers.ru,0
https://oreilly.com,0
https://moengage.com,0
https://stripe.network,0
https://iubenda.com,0
https://aadrm.com,0
https://systemdns.com,0
https://mindbox.ru,0
https://appier.net,0
https://isappcloud.com,0
https://ninjarmm.com,0
https://smilewanted.com,0
https://jamanetwork.com,0
https://google.co.id,0
https://futbin.com,0
https://fastcompany.com,0
https://bytedns3.com,0
https://vietnam.vn,0
https://git-scm.com,0
https://youm7.com,0
https://zee5.com,0
https://dnse4.com,0
https://mozilla.net,0
https://rackspace.com,0
https://match.com,0
https://bootstrapcdn.com,0
https://pnas.org,0
https://adobelogin.com,0
https://euronews.com,0
https://wa.link,0
https://secureserver.net,0
https://mitre.org,0
https://xundns.com,0
https://indriverapp.com,0
https://postrelease.com,0
https://meetup.com,0
https://squareup.com,0
https://firefox-portal-detection.com,0
https://usgovtrafficmanager.net,0
https://springserve.com,0
https://m.me,0
https://redditstatic.com,0
https://richaudience.com,0
https://techtarget.com,0
https://hwcdn.ru,0
https://romarg.com,0
https://logitech.com,0
https://blizzard.com,0
https://iponweb.net,0
https://dnse3.com,0
https://lnkd.in,0
https://clevertap-prod.com,0
https://privacymanager.io,0
https://connatix.com,0
https://freebsd.org,0
https://lync.com,0
https://threema.ch,0
https://strava.com,0
https://tripod.com,0
https://sec.gov,0
https://science.org,0
https://ed.gov,0
https://gshifen.com,0
https://loopme.me,0
https://acrobat.com,0
https://nexon.com,0
https://adsco.re,0
https://yximgs.com,0
https://umeng.com,0
https://ssrn.com,0
https://almasryalyoum.com,0
https://dhl.com,0
https://jhu.edu,0
